"# Cable Feedback Monitor (External)",,
"# CABLE ROUND SHLD 02CORE",,
"# CABLE ROUND SHLD 08CORE",,
"# CABLE ROUND SHLD 15CORE",,
"# CONN BNC 3PIN M/F",,
"#CONN DTYPE 9 PIN M PM/ST",,
"#CONN TERM 03PIN M/F LB",38 qty,
"#CONN TERM 05PIN M/F LB",5 qty,
"#NUT SS M8x1/8"",,
"# SLEEVE SHRINK 1.5MM",,
"# SLEEVE SHRINK 2.5MM",,
"# SLEEVE SHRINK 3.5MM",,
"# SLEEVE SHRINK 4.5MM",,
"# SLEEVE SHRINKING 01MM",,
"# SLEEVE SHRINKING 02MM",,
"# SLEEVE SHRINKING 03MM",,
"# SLEEVE SHRINKING 04MM",,
"# SLEEVE SHRINKING 05MM",,
"# SLEEVE SHRINKING 06MM",,
"# SLEEVE SHRINKING 07MM",,
"# SLEEVE SHRINKING 10MM",,
"# SLEEVE SHRINKING 20MM",,
"# SLEEVE SHRINKING 35MM",,
"# WIRE BLACK",,
"# Wire Cu Lmd AWG 29 Dia=0.28mm",,
"# WIRE GREEN",,
"# WIRE RED",,
"# WIRE YELLOW",,
"203181-5G Dysprosium(III) Oxide",1 qty,
"204854-5G Vanadium(V) Oxide",1 qty,
"215821-5G Vanadium(IV) Oxide",1 qty,
"263087-10G Gadolinium Chips",,
"2 CORE SHIELDED FLAT CABLE ASSEMBLY",,
"328626-10G Yttrium Barium Copper Oxide",3 qty,
"64X128-Graphical-LCD-Adaptor-Card, REV-1",,
"704261-10g Lanthanum Strontium Manganite",1 qty,
"8mm Pipe for Gas Welding",,
"ACCESSORIES FOR DAQ1008",,
"Acrylic",,
"Acrylic Th=12mm  Jet Black (VIB)",,
"Acrylic Th=4mm Jet Black  (TFA)",,
"Acrylic Th=8mm Jet Black (ELB)",,
"ACTM",11 qty,
"ACTM BOX ASSEMBLY",,
"ACTM LVDT CABLE",25 qty,
"ACTM LVDT CARD",22 qty,
"ACTM MAIN CARD",8 qty,
"ACTM / MCTM  S.M Cable",2 qty,
"Actm Relay Card",,
"ACTM  RS485 CABLE ASEMBLY",,
"ACTM RS485 CONVERTER CARD",,
"ACTM RS485 CONVERTER  (COMP.)",4 qty,
"ACTM RS485 Main Card",,
"ACTM R.V CABLE ASSEMBLY",,
"ACTM SERIAL CABLE ASSEMBLY",,
"ACTM Solenoid Mounting Block",1 qty,
"ACTM SOLENOID RELAY CARD",6 qty,
"ACTM THIMBLE ASSEMBLY",,
"ACTM UPGRADE",,
"Adaptor 12V 4Amp SMPS",-3 qty,
"Adaptor AC/DC Panasonic (STM)",3 qty,
"Adaptor Laptop Dell 90W",1 qty,
"ADD-ONS",,
"Adjustable Module",,
"AFM Assembly ELB",,
"AFM Assembly Piezo Head",,
"AFM Assembly Scan-Head",,
"AFM Assembly VIB",,
"AFM Lock-in R0",1 qty,
"AFM Sumiprobe Tip-Kit R0",1 qty,
"Agilent DSOX2000-805-LAN/VGA Module",,
"Agilent DSOX2014A, Digital Storage Oscilloscope",,
"AIR Camera Stand",3 qty,
"AIR Shield Transparent Base",5 qty,
"AIR Shield Transparent Cover",5 qty,
"Analog Pirani Gauge",1 qty,
"Angle Aluminium 12.5x12.5x1.6mm",,
"Angle Aluminium 12.5x12.5x3mm",1 qty,
"Angle Aluminium 19x19x3mm",,
"Assembly 4-Probe Sample Stage
",3 qty,
"BAR HORZ",,
"BASE FEET   (G25)",,
"BATTERY   3V  LITHUM     (F7)",,
"BEAKER",,
"Bearing NBC-LS 12-1/2",,
"Bellows",2 qty,
"BERG STRIP 40 PIN  L-BENT",,
"BERG STRIP 40PIN ST",,
"BERG STRIP 40X2 PIN STRAIGHT",,
"BH-24VoltsDC",,
"BH57SH51-2804LA-NC",,
"BH-MSD-4.5A",,
"Bi2Te3          (ALM)",,
"BILED SMD LTST-C235KGKRKT",41 qty,
"Blank BF (1")",1 qty,
"Board Ceramic T=50mm",,
"BOLT M14 MS   (F29)",,
"BOX ACTM 2"1/63T/264D",31 qty,
"BOX ALUMINIUM 1455B80RD",5 qty,
"BOX ASSEMBLY DAQ1008",,
"BOX DASTA -  2U/42T/324D",,
"Box ELB6 Fully-Wired",,
"Box ELB7.2 STM Fully Wired",,
"Box ELB7 Fully Wired",,
"Box Hi-Res",,
"Box HiRES Fully Wired",,
"Box Lock-in",3 qty,
"Box Lock-in Fully Wired",3 qty,
"Box MG-PS",,
"Box NanoPOS Fully Wired",,
"Box NanoVolt Meter Fully Wired",1 qty,
"BOX PQMS",6 qty,
"Box PS Fully Wired",,
"Box QAFE",,
"BOX QASC",13 qty,
"BOX QDA1008",,
"BOX QDA1032",,
"BOX QDA L412B",1 qty,
"Box QDA L414B-R3",2 qty,
"Box QDAL414B-R3 Fully Wired",2 qty,
"Box QDAM772E1B",1 qty,
"Box QDAM772E1B Fully Wired",,
"Box QDA MH77",,
"BOX QMUX-D16M",1 qty,
"Box QOKE",2 qty,
"BOX QOKE Fully-Wired",,
"Box QPiD",,
"Box QPiD Fully-Wired",,
"Box QPS",1 qty,
"Box QTM",,
"BOX RS485 CONVERTER",,
"BOX TIP FABRICATION UNIT",,
"Box Wired & Packed TCon",,
"Box XMGPS Fully-Wired",,
"Box XSMU Fully Wired",3 qty,
"Box XTCON Internal Wiring",,
"Brass Adaptor 1/4" to 1/8"",,
"Bridge Rectifier GBU1010",1 qty,
"BRIDGE RECTIFIER KBPC602",,
"BRIDGE RECTIFIER WO10G",66 qty,
"Cable 01Pin BNC (External)",,
"CABLE C0-AXIAL 2+2 CORE SHIELDED   (E48)",,
"CABLE CLAMP   BIG SIZE   (E25)",,
"CABLE CLAMP  SMALL SIZE    (E26)",,
"Cable Coaxial 01 Core <2mm",60.00 cm,
"Cable Coaxial 01 Core Teflon Coated",25 meter 50.00 cm,
"Cable Co-Axial 01 Core Teflon Coated Dia=1.7mm",1 meter,
"Cable Co-Axial Golden Shld AWG18mm, Dia=100",,
"CABLE FLAT 02CORE",229 meter,
"CABLE FLEX 10PIN",1 qty,
"Cable FRC 10Core",9 meter,
"Cable FRC 10Core HT",,
"Cable FRC 10PIN BSC",,
"Cable FRC 10 Pin F",10 qty,
"Cable FRC 16PIN F",1 qty,
"Cable FRC 20PIN BSC",159 qty,
"Cable FRC 26Core",28 qty,
"Cable Mini DIN 4 PIN PS2 SSC (L=3 Mtr)",,
"Cable Mini DIN 6 Pin PS2 M to M (L=1.8 Mtr)",,
"Cable Mini DIN 6 Pin PS2 M to M (L=3 Mtr)",,
"Cable Round 03Core",4 meter,
"CABLE ROUND   8 CORE   (E76)",,
"Cable Round Shld 01Core",5510.00 cm,
"Cable Round Shld 02Core",4 meter 26.50 cm,
"Cable Round Shld 03Core",,
"Cable Round Shld 04Core",,
"Cable Round Shld 08Core",90 meter 97.00 cm,
"Cable Round Shld 16Core",15 meter 75.00 cm,
"Cable Round Shld 25Core",,
"Cable Scanner (External)",,
"Cable Set QDA-L-412B",,
"CABLE SIP 02PIN F",17 qty,
"CABLE SIP 03PIN F",6 qty,
"CABLE SIP 04PIN F",25 qty,
"CABLE SIP 05PIN F",17 qty,
"CABLE SIP 06PIN F",21 qty,
"CABLE SIP 08PIN F",14 qty,
"CABLE SIP 09PIN F",5 qty,
"CABLE SIP 16PIN F",12 qty,
"CABLE SIP   4 PIN  MILITARY",,
"Cable SMA M-M RG-174 20m 50E",1 qty,
"Cable SMA M-M RG-174 50cm",3 qty,
"Cable SMA M-M (RG-179) 15 cm",2 qty,
"Cable SMA M-M (RG-179) 20 cm",7 qty,
"Cable SMA M-M RG-179 60 cms",1 qty,
"Cable SMA M-M (RG-179) 63.5 cm",6 qty,
"Cable SMA M RG-174 2m",2 qty,
"Cable TC Input (External)",,
"Cable USB 03mtr",1 qty,
"CABLE USB 1.5m",6 qty,
"Cable USB Extension",2 qty,
"Cable USB MINI B",5 qty,
"Cable Walker (External)",,
"CAMERA",,
"CAP AL SMD EEF-CX0G271R 2917",4 qty,
"CAP AL SMD EEF-CX0J151XR 2917",4 qty,
"CAP AL SMD UCD1V101MNL1GS CPOL-SMD-D8",17 qty,
"Cap Cer Smd# 015nf",97 qty,
"CAP CER SMD# 047nF",57 qty,
"Cap Cer Smd# 04.7uf",92 qty,
"Cap Cer Smd# 18pF",6 qty,
"Cap Cer Smd# 50V/082pf",8 qty,
"Cap Cer Smd# 50V/120pf",9 qty,
"CAP CER SMD 001.0uF",17 qty,
"CAP CER SMD 001.5pF/50V 0805",8 qty,
"CAP CER SMD 001nF",23 qty,
"CAP CER SMD 001nF/500V 1206",51 qty,
"Cap CER SMD 001pF",4 qty,
"CAP CER SMD 002.2nF",170 qty,
"CAP CER SMD 002.2uF",68 qty,
"Cap CER SMD 002pF",3 qty,
"Cap Cer Smd 002PF/250V",10 qty,
"CAP CER SMD 003.3nF/50V",84 qty,
"Cap CER SMD 003pF",4 qty,
"Cap Cer Smd 003PF/250V",10 qty,
"CAP CER SMD 004.3pF/100V 0805",6 qty,
"CAP CER SMD 004.3pF/50V 0805",,
"CAP CER SMD 004.7nF/50V",53 qty,
"Cap Cer Smd 004PF/250V",10 qty,
"Cap CER SMD 005pF",8 qty,
"Cap Cer Smd 005PF/250V",10 qty,
"CAP CER SMD 006.8nF/50V 0805",98 qty,
"CAP CER SMD 008.2nF",187 qty,
"CAP CER SMD 008.2pF",6 qty,
"CAP CER SMD 010nF",38 qty,
"CAP CER SMD 010pF",48 qty,
"CAP CER SMD 010uF",8 qty,
"CAP CER SMD 012pF",97 qty,
"CAP CER SMD 015pF",85 qty,
"CAP CER SMD 015pF/250V",7 qty,
"CAP CER SMD 015uF",42 qty,
"CAP CER SMD 018pF/50V 0805",98 qty,
"CAP CER SMD 0.1uF",,
"CAP CER SMD 020pF",84 qty,
"CAP CER SMD 022nF",145 qty,
"CAP CER SMD 033nF/50V",20 qty,
"Cap Cer Smd 039pF/50V",98 qty,
"CAP CER SMD 04.7pF@",76 qty,
"Cap Cer Smd 056pF/50V",96 qty,
"CAP CER SMD 082pF",17 qty,
"CAP CER SMD 10000pF/10nF",,
"CAP CER SMD 100nF 0603",1099 qty,
"CAP CER SMD 100nF 0805",161 qty,
"CAP CER SMD 100pF/50V",118 qty,
"CAP CER SMD 100X14W104MV4T",8 qty,
"CAP CER SMD 150nF",77 qty,
"CAP CER SMD 220nF",29 qty,
"CAP CER SMD 220pF/50V",63 qty,
"CAP CER SMD 22pF",52 qty,
"CAP CER SMD 22uF",70 qty,
"CAP CER SMD 27pF",88 qty,
"CAP CER SMD 330nF/50V",10 qty,
"CAP CER SMD 33pF",90 qty,
"CAP CER SMD 470nF",78 qty,
"CAP CER SMD 470pF/50V",75 qty,
"CAP CER SMD 47pF",83 qty,
"CAP CER SMD 47pF/250V",16 qty,
"CAP CER SMD 820pF",56 qty,
"CAP CER SMD CC1206KK7RYBB104 1206",,
"CAP CER SMD CL21C270JB61PNC",6 qty,
"CAP CER SMD CX1206MKX7R6BB474",10 qty,
"CAP CER SMD GCM31CR71A226KE02L 1206",21 qty,
"CAP CER SMD GMK325BJ106KN-T 1210 10uF",29 qty,
"CAP CER SMD GRJ31CR71E106KE11L 1206",20 qty,
"CAP CER THRU 001nF/35V",67 qty,
"CAP CER THRU 010nF/35V",92 qty,
"CAP CER THRU 01uF/35V@",95 qty,
"CAP CER THRU 100nF/35V",92 qty,
"CAP CER THRU 100pF",,
"CAP CER THRU 10nF/1KV@",28 qty,
"CAP CER THRU 15pF",909 qty,
"CAP CER  THRU 220pF/35V",22 qty,
"CAP CER THRU 22pF",739 qty,
"CAP CER THRU 47uF",,
"CAP ELEC THRU 0003.3uF/035V",,
"CAP ELEC THRU 0003.3uF/250V",64 qty,
"CAP ELEC THRU 0010uF/035V",,
"CAP ELEC THRU 0010uF/063V",10 qty,
"CAP ELEC THRU 0010uF/250V",110 qty,
"CAP ELEC THRU 0100uF/035V",31 qty,
"CAP ELEC THRU 0220uF/035V",160 qty,
"CAP ELEC THRU 0220uF/400V",40 qty,
"Cap Elec Thru 10000uF/35V",5 qty,
"CAP ELEC THRU 1000uF/035V",76 qty,
"CAP ELEC THRU 1000uF/063V",55 qty,
"CAP ELEC THRU 1000uF/200V",4 qty,
"CAP ELEC  THRU 150uF/35V",,
"CAP ELEC THRU 1uF/35V",386 qty,
"CAP ELEC THRU 2200uF/25V",17 qty,
"CAP ELEC THRU 330uF/35V",,
"CAP ELEC THRU 4700uF/35V",9 qty,
"CAP ELEC THRU 4700uF/50V",47 qty,
"CAP ELEC THRU 470uF/250V",,
"Cap Elec Thru 470uF/35V",2 qty,
"CAP ELEC THRU UPM1H221MHD6",10 qty,
"CAP ELEC THRU UVR2E100MPD",,
"Capillary 0.3 inch",,
"Capillary Filter",,
"CAP MICA SMD MC12FD470J-F 1206",,
"CAP POLY THRU 001nF 2kV",1 qty,
"CAP POLY THRU 001nF/300V",11 qty,
"CAP POLY THRU 0.01uF/1KV  103",,
"CAP POLY THRU 002.2nF/35V",61 qty,
"CAP POLY THRU 010nF 2kV",1 qty,
"CAP POLY THRU 010nF/35v",15 qty,
"CAP POLY THRU 010nF/35V 103",,
"CAP POLY THRU 100nF/035V",67 qty,
"CAP POLY THRU 100nF/400V",89 qty,
"CAP POLY THRU 100pF/300V@",50 qty,
"CAP POLY THRU 15pF/300V",8 qty,
"CAP POLY THRU 220nF/250V",77 qty,
"CAP POLY THRU 220uF/400V@",24 qty,
"CAP POLY THRU 47pF/300V",,
"CAP TANT POLY SMD T520A106M010ATE080",7 qty,
"Cap Tant Smd# 2.2uF 25 V Tant -B",96 qty,
"CAP TANT SMD 01uF",88 qty,
"CAP TANT SMD 04.7uF",224 qty,
"CAP TANT SMD  10uF/20V",,
"CAP TANT SMD 10uF/25V",135 qty,
"CAP TANT SMD 47uF",31 qty,
"CAP TANT THRU 0.1uF/35V",100 qty,
"CAP TANT THRU 0.47uf/35V",19 qty,
"CAP TANT THRU 100uF/20V",7 qty,
"CAP TANT THRU 10uF/035V",45 qty,
"CAP TANT THRU 1uF/35V",108 qty,
"CAP TANT THRU 2.2uF/35V",6 qty,
"CAP TANT THRU 33uF/035V",42 qty,
"CAP TANT THRU 3.3uF/35V",,
"CAP TANT THRU 4.7uF/35V",,
"Card ADDON-USB-DAQ",,
"Card AFM QOKE 1.2",,
"Card AFM QOKE R1",,
"Card AFM TFPre-Amp 1.2",,
"Card AM3-DIO",,
"Card APGD-R1",1 qty,
"Card APGD-R2",,
"Card APR-R1",,
"Card BPCL-SIDECUT-R1",,
"Card BPCL-SIDECUT-R2",,
"Card CVD-TCON-DIO-R1",,
"Card CVD-TCON-DIO-R2",,
"Card EPC Detector",,
"Card EPC-MB-R4",,
"Card EPC-SENSOR-MF02-R4",,
"Card FESP-QM7-R1",,
"Card GC TERMINAL INTERFACE",,
"Card I2C-DIO-8-R1",,
"Card I2C-DIO-8-R2",,
"Card Lock-in SLIA",,
"Card Low Noise Amplifier-R0",,
"Card Low Noise Amplifier R1",1 qty,
"Card MEL-FV-AMPL-R1",,
"Card MEL-HF-TWG-R1",,
"Card MEL-IR-RECV R1",,
"Card MEL-IR-TRANSMIT R1",,
"Card ME-Thermo-100HzClkGen",,
"Card NanoPOS1.0",,
"Card NanoREV5.0",,
"Card NanoREV6.1",,
"Card NanoREV6.7",,
"Card NanoREV6.8",,
"Card NanoREV7.0 HVA",,
"Card  NanoREV7.0 MB",,
"Card NanoREV7.0 Scanner Selection",,
"Card NanoREV7.2-HVA-AFM-XL",,
"Card NanoREV7.2-HVA-STM",,
"Card NanoREV7.2-MB-STM",,
"Card NanoREV7.2-MB-STM-AFM-XL-Litho",,
"Card PA-Convertor DC(PA241 to 343)",,
"Card PA-Convertor SC(PA241 to 343)",,
"Card QAD24-31-16M16-R2",,
"Card QAD24-31-64M16",,
"Card QAFE-PO-VGSI4-SA-R1",,
"Card QAFE-PO-VGSI4-SA-R2",,
"Card QAINDS16-R2",,
"Card QAO-HVD-P1M140-2",,
"Card QASC-RTD-B16S-R1",1 qty,
"Card QASC-Strain-R2",2 qty,
"Card QASC-T1-Piezo-R3",4 qty,
"Card QASC-T1-RMVE-R3",,
"Card QASC-T2-ILSA-R2",,
"Card QASC-T2-VMEAS-PA-R1",1 qty,
"Card QASC-T2-VMEAS-R1",1 qty,
"Card QASC-T4-RMVE-PD-R2",,
"Card QASC-T4-RMVE-R1",1 qty,
"Card QDA FEMCA-QM9-R1",,
"Card QDA FEMCA-QM9-V2-R1",1 qty,
"Card QDAL412B-R3",,
"Card QDAL412B-R4",,
"Card QDAL414B-R3",,
"Card QDAL414B-R4",,
"Card QDA QM-CLOCKGEN-1G-R2",1 qty,
"Card QI-MB-AM3-U---R2",,
"Card QM-AD14-780AS-2M1-R1",,
"Card QM-AD14-780AS-2M1-R2",,
"Card QM-AD14-812AS-2M1-R2",1 qty,
"Card QM-Backplane-5-R1",1 qty,
"Card QM-Backplane-9-R1",1 qty,
"Card QMB-AM3-R2",,
"Card QM-CLOCKGEN-1G-R1",,
"Card QM- DA14-81A-2M2-R1",,
"Card QM-DA14-81A-2M2-R2",1 qty,
"Card QM-EXT-RS485-R1",1 qty,
"Card QM-MB-AM3-R1",,
"Card QM-MB-AM3-UD4M-R2",,
"Card QM-MB-AM3-UD-R2",,
"Card QM-MB-AM3-UEDL4M-R2",1 qty,
"Card QMUX-D16M-R1",1 qty,
"Card QMUX-S16M-R1",,
"Card QMUX-S16-R1",,
"Card QNA-51-DIC-R1",1 qty,
"Card QPiD-R1",,
"Card QPiD R2",,
"Card QPS-Backplane-D311-R1",1 qty,
"Card QPS-L1-0505-R1",,
"Card QPS-S1-POL-2V2-R1",1 qty,
"Card QPS-S1-POL-3V6-R1",2 qty,
"Card QPS-S1-POL-5V-R1",2 qty,
"Card TCON-BASE-3V-R1",,
"Card TCON-BASE-R1",1 qty,
"Card TCON-HTR-AC-2C-R1",1 qty,
"Card USB TO UART CONVERTER-R1",,
"Card USB-UART-SP-R1",1 qty,
"Card VSM-EM102-R1",,
"Card X-Hall Coefficient R1",2 qty,
"Card X-LIA-MB-R3(QOKE-MB)",,
"Card X-LIA-MUL-R3(QOKE-MUL)",,
"Card X-MB-M644-R1",,
"Card X-NVM-R3",,
"Card Xplore HiRES-R2",,
"Card Xplore HiRES-R3",,
"Card Xplore HiRES-R4",,
"Card Xplore-MG-PS-Analog R2",,
"Card Xplore-MG-PS-Analog R3",1 qty,
"Card Xplore-MG-PS-Digital R2",,
"Card Xplore-MG-PS-Digital R3",1 qty,
"Card Xplore-MG-PS-R1",,
"Card Xplore MotorCtrl-R1",,
"Card Xplore MotorCtrl-R2",,
"Card Xplore NVM Analog R1",2 qty,
"Card Xplore NVM Digital R1",2 qty,
"Card Xplore PS-L1",,
"Card Xplore PS-L2",,
"Card Xplore PS-L2.3",,
"Card Xplore SMU",,
"Card Xplore SMU-R5",,
"Card Xplore SMU-R6",3 qty,
"Card Xplore TCON-L1",,
"Card Xplore TCON-L2",,
"Card Xplore TCON-L2-R2",,
"Card Xplore XLIA",3 qty,
"Card XSMU-R4-ADD-ON",,
"Card X-TCON-PS-Addon-R1",,
"Card ZSTG-LMSW-R1",2 qty,
"Carton QDAL412B",3 qty,
"Carton Signal Conditioner",,
"CBL-ACCEL3",8 qty,
"CBL-ILSA",,
"CBL-LVDT",,
"CBL-PIEZO",4 qty,
"CBL-PRESSURE-MPX(Gas)",9 qty,
"CBL-PWR-QPS-BP-3IN",,
"CBL-RMVE",8 qty,
"CBL-RTD",,
"CBL-STRAIN-HBC-A-120E",,
"CBL-STRAIN-HBC-A-350E",,
"CBL-STRAIN-QBC-120E",2 qty,
"CBL-THC-K",,
"CD",1 qty,
"Clamp Set KF-10",1 qty,
"Clamp Set KF-16",3 qty,
"Clamp Set KF-25",5 qty,
"CNT (MWNT) on HOPG",,
"CNT Samples (MWNT)",20 qty,
"CNT Samples (SWNT)",20 qty,
"CNT (SWNT) on HOPG",,
"Column 6ftx1/8" S.S. Molecular Sieve 13x",,
"Column 6ftx1/8" S.S. Porapack Qmesh-80/100",,
"Components Used in DASTA Repair",,
"Components Used in Repair",,
"Compressor THK-1340",,
"Computer Acer",,
"Computer Dell Optiplex 3020 (S)",,
"Computer Dell Optiplex 3040MT Deskktop",,
"Computer Dell Optiplex 3050",,
"Computer Dell Optiplex 3060",2 qty,
"Computer Dell Optiplex 390 Desktop",,
"Computer Dell Optiplex 7050",,
"Computer Dell Optiplex 790 Desktop",,
"Computer Dell Precision T1700 MT CTO",,
"Computer Dell Vastro 260ST:",,
"Computer Vastro 260 ST:",,
"CONN ARJC02-111008B",4 qty,
"CONN AUDIO STEREO JACK 6.3mm PM ST",6 qty,
"CONN AUDIO STEREO Socket 6.3mm LB",8 qty,
"CONN BANANA F 01PIN 2MM BLACK",2 qty,
"CONN BANANA F 01PIN 2MM GREEN",10 qty,
"CONN BANANA M/F",,
"CONN BARRIER 2 WALL 6P",,
"CONN BARRIER STRIP 12P-95-DR",,
"Conn Berg Strip SSW-140-01-G-S",,
"Conn Berg Strip TSW-140-07-G-D",1 qty,
"Conn Berg Strip TSW-140-07-G-S",,
"CONN Binding Post Black 3750-0",1 qty,
"CONN Binding Post Red 3750-2",1 qty,
"Conn BNC 01Pin F Non-Isolated ST",11 qty,
"CONN BNC 01PIN F TEFLON BASE",93 qty,
"CONN BNC 01Pin M-M Coupler",,
"CONN BNC 01PIN M TEFLON BASE",30 qty,
"CONN BNC 03PIN F",,
"CONN BNC 03PIN M",27 qty,
"CONN BNC 04PIN F",15 qty,
"CONN BNC 04PIN M",17 qty,
"CONN BNC 04PIN M/F",,
"CONN BNC 05PIN F",21 qty,
"CONN BNC 05PIN M",1 qty,
"CONN BNC 05PIN M/F",,
"CONN BNC 06PIN F",16 qty,
"CONN BNC 06PIN M",9 qty,
"CONN BNC 06PIN M/F",,
"CONN BNC 08PIN F",34 qty,
"CONN BNC 08PIN M",26 qty,
"CONN BNC 08PIN M/F",,
"CONN BNC 1PIN PM RT F",12 qty,
"CONN BNC 1PIN T-TYPE",,
"CONN BNC F-SMA M Adapter",1 qty,
"CONN CABLE 45110-010030-3749/10-S-6",3 qty,
"CONN CRIMP MOLEX TYPE",,
"CONN CRIMP SIP TYPE",154 qty,
"CONN DF13 CRIMP",500 qty,
"CONN DF13 DF13-3P-1.25H",32 qty,
"CONN DF13 DF13-5P-1.25H",63 qty,
"CONN DF13 HOUS DF13-3S-1.25C",37 qty,
"CONN DF13 HOUS DF-13-5S-1.25C",61 qty,
"CONN DF13 WIRE H4BXG-10112-V8",12 qty,
"CONN DIN 5 PIN M/F",,
"CONN DIN 9 PIN M MINI SOLDER TYPE",,
"CONN DTYPE 09PIN F CM",,
"CONN DTYPE 09PIN F PM/LB",16 qty,
"CONN DTYPE 09PIN F PM/ST",28 qty,
"CONN DTYPE 09PIN M CM",-2 qty,
"CONN DTYPE 09PIN M PM/LB",-4 qty,
"CONN DTYPE 09PIN M PM/ST",4 qty,
"CONN DTYPE 15PIN F CM",13 qty,
"CONN DTYPE 15PIN F CM 3R",8 qty,
"CONN DTYPE 15PIN F PM/LB 3R",9 qty,
"CONN DTYPE 15Pin F PM RT",3 qty,
"CONN DTYPE 15 PIN F PM/ST",7 qty,
"CONN DTYPE 15PIN M CM",12 qty,
"CONN DTYPE 15PIN M CM 3R",7 qty,
"CONN DTYPE 15PIN M PM/LB 3R",,
"CONN DTYPE 15Pin x 2 F PM RT",3 qty,
"CONN DTYPE 25PIN F CM",10 qty,
"CONN DTYPE 25PIN F PM/LB@",49 qty,
"CONN DTYPE 25PIN F PM/ST",,
"CONN DTYPE 25PIN M CM",10 qty,
"CONN DTYPE 25PIN M PM/LB",,
"CONN DTYPE 25PIN M PM/ST",,
"CONN DTYPE HOOD 09PIN",,
"CONN DTYPE HOOD 15PIN",15 qty,
"CONN DTYPE HOOD 25PIN",,
"CONN EDGERATE HSEC8-120-01-S-EM2",3 qty,
"CONN EDGERATE HSEC8-180-01-S-DV-A-BL",5 qty,
"CONN FFC 08PIN",,
"CONN FLY 1PIN M/F PAIR",17 qty,
"CONN FPC 10PIN",,
"CONN FRC 10PIN F CM",38 qty,
"CONN FRC 10PIN LB W/O LOCK",10 qty,
"CONN FRC 10PIN M W/O LOCK",53 qty,
"CONN FRC 16 PIN WITH LOCK",16 qty,
"CONN FRC 16 PIN WITHOUT LOCK",19 qty,
"Conn FRC 20PIN F CM With Lock",8 qty,
"CONN FRC 20PIN LB W/O LOCK",7 qty,
"CONN FRC  20PIN WITH LOCK@",6 qty,
"CONN FRC 20 PIN WITHOUT LOCK",25 qty,
"CONN FRC 26PIN F CM",18 qty,
"CONN FRC 26 PIN LB WITH LOCK",5 qty,
"CONN FRC 26 PIN WITH LOCK",10 qty,
"CONN FRC 45210-620230",1 qty,
"CONN FRC ESQ-104-12-G-D",4 qty,
"CONN FRC ESQ-104-14-G-D",9 qty,
"CONN FRC ESQ-107-12-G-D",1 qty,
"CONN FRC ESQ-107-14-G-D",1 qty,
"CONN FRC ESQ-108-12-GD",3 qty,
"CONN FRC ESQ-108-14-G-D",4 qty,
"CONN FRC ESQ-110-12-G-D",12 qty,
"CONN FRC ESQ-110-14-G-D",14 qty,
"CONN FRC ESQ-113-12-G-D",4 qty,
"CONN FRC ESQ-113-14-G-D",7 qty,
"CONN FRC  (SSA-132-W-T-RA)",,
"CONN HOUSING SH 3POS 1MM",4 qty,
"CONN ISA 62*2PIN",,
"CONN ISA 98*2PIN",,
"CONN LPHS-04-24-L-RTi-GP",1 qty,
"CONN MILITARY 4PIN F",34 qty,
"CONN MILITARY 4PIN M",12 qty,
"CONN MILITARY 5PIN F",,
"CONN MILITARY 5PIN M",,
"CONN MILITARY 7PIN F",,
"CONN MILITARY 7PIN M",,
"CONN MINI DIN 05PIN  F",10 qty,
"CONN MINI DIN 6 PIN F",,
"Conn Modular  RB1-125BAG1A",,
"CONN MODULAR RJHSE5E80",,
"CONN MOLEX 02 PIN F C/M  (S-R)",,
"CONN MOLEX 03 PIN F C/M  (S-R)",,
"CONN MOLEX 04 PIN F C/M  (S-R)",,
"CONN MOLEX 04PIN M PM LB SR",,
"CONN MOLEX 06PIN F CM DR",4 qty,
"CONN MOLEX 06PIN M PM DR",11 qty,
"Conn Molex 06 Pin M PM RT (D-R)",8 qty,
"CONN MOLEX 10PIN F CM DR",14 qty,
"CONN MOLEX 10PIN M PM DR",16 qty,
"CONN MOLEX 12PIN F CM (D-R)",9 qty,
"Conn Molex 12Pin M/F (D-R)",,
"CONN MOLEX 12PIN M PM DR",4 qty,
"CONN MOLEX 16PIN F CM (D-R)",2 qty,
"Conn Molex 16 PIN M/F(D-R)",,
"CONN MOLEX 16PIN M PM DR",7 qty,
"CONN MOLEX 2 PIN  M P/M  (S-R)",,
"CONN MOLEX 3 PIN M P/M  (S-R",,
"CONN MOLEX 4 PIN M P/M (S-R)",,
"CONN PCC-SMP-CLIP@",25 qty,
"CONN PCC-SMP-K-R",19 qty,
"CONN PIN SPRING LOADED PCB GOLD",,
"CONN SECII 1888946-1",2 qty,
"CONN SIP 02PIN M",11 qty,
"CONN SIP 02PIN M LB",41 qty,
"CONN SIP 03PIN F",253 qty,
"CONN SIP 03PIN M",50 qty,
"CONN SIP 03PIN M LB",90 qty,
"CONN SIP 04PIN M",33 qty,
"CONN SIP 04PIN M LB",10 qty,
"CONN SIP 05PIN M",179 qty,
"CONN SIP 06PIN F",25 qty,
"CONN SIP 06PIN M",51 qty,
"CONN SIP 06PIN M LB",39 qty,
"CONN SIP 07PIN M",,
"CONN SIP 08PIN F@",42 qty,
"CONN SIP 08PIN M",13 qty,
"CONN SIP 09PIN M",80 qty,
"CONN SIP 10PIN M",,
"CONN SIP 14PIN M",,
"CONN SIP 16PIN F",52 qty,
"CONN SIP 16PIN M",8 qty,
"CONN SIP 20 PIN M",,
"CONN SIP HOUSING TYPE",,
"Conn SMA-BNC M  Adapter",1 qty,
"Conn SMA-Long-F-RA-TH",,
"CONN SMA Long TH ST F",15 qty,
"CONN SMA-Short-F-RA-TH",5 qty,
"CONN SMA Short TH ST F",5 qty,
"CONN SMA-SMA M Adapter",3 qty,
"CONN SMPW-K-M",12 qty,
"CONN TERM 02PIN F LB",,
"CONN TERM 02PIN M/F LB",,
"CONN TERM 02PIN M LB",18 qty,
"CONN TERM 02PIN M ST",19 qty,
"CONN Term 03Pin F RT",52 qty,
"CONN TERM 03PIN F ST",3 qty,
"CONN TERM 03PIN M/F ST",12 qty,
"CONN Term 03Pin M RT",4 qty,
"CONN TERM 04PIN M/F LB",73 qty,
"CONN TERM 05PIN F RT",11 qty,
"CONN TERM 05Pin M RT",2 qty,
"CONN TERM 06PIN M/F LB",17 qty,
"CONN TERM 07PIN M/F LB",1 qty,
"CONN TERM 08PIN M/F LB",1 qty,
"CONN TERM 08PIN M/F ST@",162 qty,
"CONN TERM 09PIN M/F LB",,
"CONN TERM 10PIN M/F LB",,
"CONN TERM 12PIN M/F LB",26 qty,
"CONN USB (B Type)",2 qty,
"CONN USB M/F",,
"CONN USB UX60R-MB-5ST",6 qty,
"Contactor MCX 01",,
"Contactor MNO-226/220V",,
"Copper Tubing 1/4-inch",,
"Coupler KF-25 to 1/2" Hose Pipe",2 qty,
"Coupler KF-25 to BF Valve",2 qty,
"COVER SLIP (P/NO:SHR-00001)     (L48/ES)",,
"Crimp Molex",104 qty,
"CROCODILE CLIP",12 qty,
"Cryocan (Model BA3)",6 qty,
"Cryocan (Model TA-26)",1 qty,
"Cryostat Stand",,
"Crystal 02PIN #65.536KHz",10 qty,
"CRYSTAL 02PIN 01MHz",1 qty,
"CRYSTAL 02PIN 032.768KHz",49 qty,
"Crystal 02Pin 032.768KHZ#",50 qty,
"CRYSTAL 02 PIN 032.768kHz MMCC-2-R",12 qty,
"CRYSTAL 02 PIN 032.768kHz NC26LF327",,
"CRYSTAL 02PIN 03.579MHz",9 qty,
"CRYSTAL 02PIN 04MHz",9 qty,
"CRYSTAL 02PIN 06.144MHz",7 qty,
"CRYSTAL 02PIN 06MHz",,
"CRYSTAL 02PIN 10MHz",22 qty,
"CRYSTAL 02PIN 11.0592MHz",3 qty,
"CRYSTAL 02PIN 12MHz",75 qty,
"CRYSTAL 02PIN 16MHz",16 qty,
"CRYSTAL 02PIN 18.432MHz",12 qty,
"CRYSTAL 02PIN 20MHz",15 qty,
"CRYSTAL 02PIN 22.1184MHz",5 qty,
"CRYSTAL 02PIN 24MHz",37 qty,
"CRYSTAL 02PIN 32.768kHz AB26TRB",10 qty,
"CRYSTAL 02PIN 32.768kHz ECS-3X8X",7 qty,
"CRYSTAL 04PIN 01MHz",6 qty,
"CRYSTAL 04PIN 04MHz",5 qty,
"CRYSTAL 04PIN 24MHz",4 qty,
"Crystal 100kHz Tuning Fork",10 qty,
"CRYSTAL 2 PIN 8 MHz",,
"Crystal 60kHz Tuning Fork",6 qty,
"Crystal 9B-16.000MEEJ-B",3 qty,
"Crystal AT ABM3-11.0593MHZ-D2Y-T SMD2-TAL-0532",3 qty,
"Crystal AT ABM3-12.000MHZ-D2Y-T SMD2-XTAL-5032",4 qty,
"CRYSTAL AT ABM3-16.000MHZ-D2Y-T",12 qty,
"CRYSTAL AT ABM3-18.4320MHZ-D2Y-T",6 qty,
"Crystal AT ABM3-25.000MHZ-B2-T SMD2-XTAL-5032",3 qty,
"CRYSTAL OSC ASFL1-16.000MHZ-EC-T",5 qty,
"Crystal OSC SG5032CAN 10.000000M-TJGA3",4 qty,
"Crystal VCXO VG-4513CA 122.8800M-GFCT3 VCXO-LCC-6",3 qty,
"CTM CAL-ROM CARD",34 qty,
"CTM FLY CONN ASSEMBLY",,
"CTM HEAT SINK ASSEMBLY",1 qty,
"CTM LCD ASSEMBLY",,
"CTM LED-BARGRAPH CARD",,
"CTM PRESSURE CELL ASSEMBLY",1 qty,
"CTM Pumping Unit",,
"CTM Pumping Unit Assembly",1 qty,
"CTM RELAY CABLE ASSEMBLY",,
"CTM RELAY END THIMBLE ASSEMBLY",,
"CTM Relay Ext. Cable",,
"CTM Release Valve Motor Ext. Cable",,
"CTM RING TYPE THIMBLE ASSEMBLY",,
"CTM RS485 Cable",,
"CTM RS485 Converter",,
"CTM Serial Cable",,
"CTM SIGNAL CONDITIONER CARD",29 qty,
"CTM Stepper Motor Ext. Cable",,
"CTM Stepper Motror Mounting Frame Assembly",,
"CTM SWITCH CARD",1 qty,
"CVD-1100",,
"CVD-1100 Electronics",,
"CVD-1100 Heater Insulator Jig",1 qty,
"CVD-ASSEM-CHASSIS-CON-1100-4",,
"CVD-ASSEM-FURNACE-1100-4",,
"CVD-ASSEM-MFCCON-1100-4",,
"CVD-ASSEM-PC",,
"CVD-ASSEM-PWR-CON-1100-4",,
"CVD-ASSEM-RACK-1100-4",,
"CVD-ASSEM-TCON-1100-4",,
"CVD Busbar",,
"CVD Busbar Support",,
"CVD-MFC-80002",,
"CVD-MFC-MECH-ASSEM-80008",,
"CVD-MFC-MOUNT-PLATE-40002",,
"CVD Oven Assembly",1 qty,
"CVD-PC-BOX",,
"CVD Tube Guide Assembly",,
"CVD Tube Holding Ring Nut",,
"CVD Upgrade",,
"CVD-VAC-ASSEM-LF-80006",,
"CVD-VAC-ASSEM-RT-80007",,
"CVD Vacuum Iface Left Assembly",,
"CVD Vacuum Iface Right Assembly",,
"Cylinder Hydrogen",,
"Cylinder Nitogen",,
"Cylinder Regulator H2",,
"Cylinder Regulator N2",,
"Cylinder Regulator Zero Air",,
"Cylinder Zero Air",,
"DASTA 710 (Single Channel) BOX ASSEMBLY",,
"DASTA -710 SWITCH CARD",,
"DASTA-720 SWITCH CARD",,
"DASTA Box Assembly",,
"DASTA HEAT SINK ASSEMBLY",,
"DASTA LCD Assembly",,
"DASTA Main Card",,
"DASTA - REPAIR",,
"DASTA Serial Cable",,
"DATA STATION DUAL CHANNEL",,
"DATA STATION SINGLE CHANNEL",,
"Dell Inspiron 3567",,
"DFC   ( I 83/MS)",,
"Digital Wattmeter",,
"DIODE SMD BAT54CLT3G SOT-23",5 qty,
"DIODE SMD BAT54S SOT523",20 qty,
"Diode SMD CMOD6001",6 qty,
"DIODE SMD HSMS-281C SC70-3",2 qty,
"DIODE SMD LL4148",281 qty,
"DIODE SMD MURA110T3D",5 qty,
"DIODE SMD S1G",18 qty,
"Diode Smd SP3003-04A MSOP",3 qty,
"DIODE SMD VR-75V/150mA",,
"Diode Smd Zener MMSZ4715T1G",6 qty,
"DIODE THRU 1N34",,
"DIODE THRU 1N4007",59 qty,
"DIODE THRU 1N4148",9 qty,
"DIODE THRU 1N5402",202 qty,
"DIODE THRU OA79",,
"Disc Mounted HOPG Sample",,
"Double Stage Rotary Vacuum Pump MV2015",1 qty,
"DPU",28 qty,
"DPU BOX ASSEMBLY",,
"DPU MAIN CARD",15 qty,
"DPU UPGRADE",,
"Dryer Filter DEL-032",,
"DTU STM Repair",,
"ELB Box NanoREV5",,
"ELB Box NanoREV6",1 qty,
"ELB Box NanoREV7",3 qty,
"ELB Cardboard Box (20"x16"x10") 7- Ply",,
"ELB Cardboard Box (20.5"x16.5"x10") 9- Ply",1 qty,
"ELB Fastners",,
"ELB Heat-Sink 124x66x4mm",,
"ELE CAP   1000MF/35V     (Delete After Spliting)",,
"ELECTRODE",3 qty,
"EPC Bobbin",,
"EPC Fixed Core (20019)",82 qty,
"EPC for CVD with Accessories",,
"EPC Magnet Outer Cap (20008)",232 qty,
"EPC MAIN CARD",,
"EPC Mounting Pillar(20001)",95 qty,
"EPC Moving Core Lower Part (20020)",92 qty,
"EPC Moving Core Upper Part (20013)",82 qty,
"EPC MS Washer(20010)",86 qty,
"EPC Plunger Guide (20012)",41 qty,
"EPC Proportional Valve Nozzle (20025)",39 qty,
"EPC Ring Screw (20018)",97 qty,
"EPC Seal Screw (20017)",498 qty,
"EPC Spiral Spring Large (20014)",46 qty,
"EPC Spiral Spring Small (20015)",20 qty,
"EPC Teflon Spacer (20006)",90 qty,
"FAN 05V DC (PQMS)",4 qty,
"FAN 12V DC 80x80x25mm",,
"FAN 12V DC (STM)",6 qty,
"FAN 220V AC (GC)",,
"Fast PLL",,
"Feed Thru Flange KF-16",3 qty,
"Feed Thru Flange KF-25",5 qty,
"FERRITE BEAD SMD BK1608LL300-T",69 qty,
"Ferrule Brass 1/8" SS (Lower Part)",,
"Ferrule Brass 1/8" SS  (Upper Part)",,
"Ferrules Plastic   B   (S. RACK)",,
"Ferrules Plastic   C   (S. RACK)",,
"Ferrules Plastic   F   (S. RACK)",,
"Ferrules Plastic  T   (S. RACK)",,
"Ferrule Teflon 1/16"",,
"Ferrule Teflon 1/8"",,
"Fitting Nut 1/4 inch",,
"Fitting T-1/4 inch",,
"FLAT ALM 100X15",,
"FLAT  ALM  10x20   (Q2/WS)",,
"FLAT  ALM   38x38   (Q2/WS)",,
"FLAT ALM 425 X 50.8 X 15.8",,
"Flat Aluminium",5 qty,
"Flat Aluminium 330mm x 6mm",,
"Flat Aluminium 75x10mm",,
"Flat Aluminium T=06mm W=50mm",,
"Flat Aluminium T=12mm W=100mm",2 Kg 700.00 gm,
"Flat Aluminium T=25mm W=25mm",850.00 gm,
"Flat Aluminium T=9.5mm W=9.5mm",,
"Flat Aluminum T=25mm W=100mm",,
"FLAT BRASS   25x 6.35   (Q2/WS)",,
"Flat Copper T=12.5mm W=25mm",,
"Flat Heat-Sink 66x16mm",,
"Flat SS T=05mm W=20mm",2 Kg 650.00 gm,
"Flexure Attachment (ACTM)",,
"Flexure Attachment (DPU)",,
"Flexure Attachment (Mctm)",,
"Foam Insulation 1/4-inch",,
"Foam Sheet 1"",14 qty,
"Foam Sheet 12mm",7 qty,
"Foam Sheet 1.5"",1 qty,
"Foam Sheet 2"",4 qty,
"Foam Sheet 2 mm",,
"Foam Sheet 4mm",,
"Fuel Pump -030",,
"FUSE 01AMP",10 qty,
"FUSE 02AMP",16 qty,
"FUSE 06AMP",24 qty,
"FUSE 100mA Radial PM with Holder",11 qty,
"FUSE HOLDER PCB MOUNT   (B133)",10 qty,
"FUSE HOLDER RED",24 qty,
"FUSE SMD 0603 1A",,
"Gas Can R134A",1 qty,
"GAS INLET UNION  1/8"x1/16"  SS   (G36)",,
"Gas Spring 200N",,
"Gas Station :A Wall Mountable Unit",,
"GC-7720",1 qty,
"GC CABINET",,
"GC-DIN-DOUT-IRQ-LCD-KEYPAD-PS-CARD, REV-1",,
"GC  FID CARD",,
"GC-FIDHV CARD",,
"GC FID PERAMP CARD",,
"GC-FLame Ionization Detector",,
"GC KEYPAD CARD",,
"GC-KEYPAD-CARD, REV-5.0",,
"GC LCD/KEYPAD CARD",,
"GC MOTHER BOARD",,
"GC OVEN INJECTOR CARD",,
"GC  SERIAL CARD",,
"GC SOLENOID DOUT CARD",,
"GC SOLENOID DRIVER CARD",,
"GC TCD CARD",,
"GND CABLE",,
"Gold on Mica",,
"Gun Metal Rod  Dia=25mm",,
"Hand Shut-Off Valve 1/4 inch",,
"HEAT-SINK  40x20x3mm  (For PA241DW)   (B138)",,
"Heat Sink for TO-3",10.00 ft,
"HEAT SINK LTN20069",3 qty,
"Heat-Sink MG-PS",,
"Heat Sink Mounting Angles",,
"Heat Sink Paste",,
"Heat Sink Sectional K4",6 qty,
"HEAT-SINKS TO220",32 qty,
"Helium Gas",4 qty,
"Helium Gas Cylinder 10ltr",4 qty,
"Helium Gas Regulator",5 qty,
"High Speed Data Acquisition System : Hardware",,
"High Speed Data Acquisition System : Software",,
"HOPG 429HP-AB         (I 86/MS)",,
"HOPG 436HP-AB        (I 87/MS)",,
"HOPG 468HP-AB         (I 88/MS)",,
"HOPG Grade-3 5x5x0.5mm",,
"Hose Pipe",,
"Housing",,
"IC DIP 24C256@",2 qty,
"IC DIP 26PCAFA6D",4 qty,
"IC DIP 26PCBFA6D",2 qty,
"IC DIP 26PCFFA6D",1 qty,
"IC DIP 26PCGFA6D",2 qty,
"IC DIP 4029",3 qty,
"IC DIP 4046",9 qty,
"IC DIP 4N35",17 qty,
"IC DIP 555",54 qty,
"IC DIP 6264",,
"IC DIP 6N136",,
"IC DIP 6N137",8 qty,
"IC DIP 741",8 qty,
"IC DIP 7485",10 qty,
"IC DIP 74C922",5 qty,
"IC DIP 74HC00P",11 qty,
"IC DIP 74HC02",9 qty,
"IC DIP 74HC04",5 qty,
"IC DIP 74HC08",26 qty,
"IC DIP 74HC132",,
"IC DIP 74HC138N",39 qty,
"IC DIP 74HC154N",4 qty,
"IC DIP 74HC175N",4 qty,
"IC DIP 74HC238E",20 qty,
"IC DIP 74HC244N",27 qty,
"IC DIP 74HC245",9 qty,
"IC DIP 74HC283",,
"IC DIP 74HC299",7 qty,
"IC DIP 74HC30",2 qty,
"IC DIP 74HC32",37 qty,
"IC DIP 74HC373",15 qty,
"IC DIP 74HC47",41 qty,
"IC DIP 74HC574N",15 qty,
"IC DIP 74HC74",33 qty,
"IC DIP 7667",5 qty,
"IC DIP 89C51",1 qty,
"IC DIP 89C51RC",,
"IC DIP 89C52",22 qty,
"IC DIP 89V51RD2FN NXP",7 qty,
"IC DIP 89V51RD2 PHILIPS",,
"IC DIP AD526JN",,
"IC DIP AD549LHZ",2 qty,
"IC DIP AD630JNZ",,
"IC DIP AD676KN",5 qty,
"IC DIP AD7705BN",,
"IC DIP AD7710AN",,
"IC DIP AD974BN@",,
"IC DIP ATmega-32",13 qty,
"IC DIP ATMEGA-8L",1 qty,
"IC DIP CD40106",49 qty,
"IC DIP CY62256LL",5 qty,
"IC DIP D6FP0010AM2",,
"IC DIP DG303BDJ",2 qty,
"IC DIP DG441DJ",2 qty,
"IC DIP DG507",,
"IC DIP DS1307",42 qty,
"IC DIP DS18B20+",2 qty,
"IC DIP DS2406+",3 qty,
"IC DIP DUAL PA96CE TO3-8-2",,
"IC DIP HCPL-063L",,
"IC DIP HCPL 2631",7 qty,
"IC DIP INA114AP",1 qty,
"IC DIP L272M",9 qty,
"IC DIP LF411CN",17 qty,
"IC DIP LM10@",2 qty,
"IC DIP LM1875 TO-220-5",,
"IC DIP LM311P",8 qty,
"IC DIP LM324",,
"IC DIP LM385Z / 2.5V",46 qty,
"IC DIP LM386N@",5 qty,
"IC DIP LM567",5 qty,
"IC DIP MAX232N",7 qty,
"IC DIP MAX485@",23 qty,
"IC DIP MCT2E",123 qty,
"IC DIP MOC3022",,
"IC DIP MOC3023",33 qty,
"IC DIP MOC3043 MY-DIP6",5 qty,
"IC DIP MPX5010DP",7 qty,
"IC DIP MPX5700AP",,
"IC DIP MPX5700DP",5 qty,
"IC DIP NE5532",,
"IC DIP OP27GP",15 qty,
"IC DIP OPA 2277P",6 qty,
"IC DIP OPO7",,
"IC DIP  PA241DW",,
"IC DIP REF01CPZ",6 qty,
"IC DIP TL783CKCSE3",,
"IC DIP TSCSNBN015PDUCV",,
"IC DIP XR2206",,
"IC PLCC DAC7724N",,
"IC SMD 23LC1024-I/SN (SOIC8)",3 qty,
"IC SMD 24LC16B-1/SN",4 qty,
"IC SMD 4029",,
"IC SMD 4046",,
"IC SMD 72V2113L6PFG TQFP80-14",,
"IC SMD 74FCT521CTSO SO20W",2 qty,
"IC SMD 74HC00D (SOIC)",20 qty,
"IC SMD 74HC02D (SOIC)",16 qty,
"IC SMD 74HC04D (SOIC)",37 qty,
"IC SMD 74HC138 (SOIC)",,
"IC SMD 74HC151N",9 qty,
"IC SMD 74HC151PW TSSOP16",6 qty,
"IC SMD 74HC161D (SOIC)",,
"IC SMD 74HC175",,
"IC SMD 74HC238 (SOIC)",,
"IC SMD 74HC244D (SOIC)",7 qty,
"IC SMD 74HC30D (SOIC)",,
"IC SMD 74HC32D (SOIC)",,
"IC SMD 74HC373D (SOIC)",,
"IC SMD 74HC4060D",3 qty,
"IC SMD 74HC85D (SOIC)",50 qty,
"IC SMD 74LVC2G02DP MSOP8",10 qty,
"IC SMD 74VHC112MT TSSOP16",6 qty,
"IC SMD 93LC46B-I/SN",,
"IC SMD 93LC46B-I/SN (SOIC)",3 qty,
"IC SMD 93LC86C-I/SN",,
"IC SMD 93LC86C-I/SN SOIC8",3 qty,
"IC SMD AD5292BRUZ-100",2 qty,
"IC SMD AD5293BRUZ-100",3 qty,
"IC SMD AD5325BRMZ",1 qty,
"IC SMD AD5542AARUZ",2 qty,
"IC SMD AD5660ARJZ-2500RL7",,
"IC SMD AD 5933YRS SSOP16",1 qty,
"IC SMD AD598JRZ SOIC-20",6 qty,
"IC SMD AD603ARZ (SOIC08)@",1 qty,
"IC SMD AD633ARZ",7 qty,
"IC SMD AD7177-2BRUZ (TSSOP24)",3 qty,
"IC SMD AD7606BSTZ",,
"IC SMD AD7606BSTZ-4",7 qty,
"IC SMD AD7671AST",7 qty,
"IC SMD AD7671AST (LQFP)",,
"IC SMD AD7734BRUZ",4 qty,
"IC SMD AD8021ARZ *",3 qty,
"IC SMD AD8021ARZ (SOIC) *",,
"IC SMD AD8031ARZ",,
"IC SMD AD8031ARZ (SOIC)",1 qty,
"IC SMD AD8048AR SOIC8",,
"IC SMD AD8066ARZ",,
"IC SMD AD8139ARD SOIC8-EP",2 qty,
"IC SMD AD8220ARMZ MSOP8",50 qty,
"IC SMD AD8223ARMZ MSOP8",9 qty,
"IC SMD AD8226ARMZ",2 qty,
"IC SMD AD8250ARMZ (MSOP)",8 qty,
"IC SMD AD8251ARMZ",2 qty,
"IC SMD AD8253ARMZ",3 qty,
"IC SMD AD8421ARMZ",9 qty,
"IC SMD AD8422ARMZ MSOP8",9 qty,
"IC SMD  AD8426ACPZ-WP",4 qty,
"IC SMD AD8436BRQZ (QSOP20)",3 qty,
"IC SMD AD8475ARMZ",4 qty,
"IC SMD AD8476ARMZ MSOP8",2 qty,
"IC SMD AD8606ARM7 MSOP8",3 qty,
"IC SMD AD8630ARZ (SO14)",1 qty,
"IC SMD AD8672ARZ (SOIC8)",5 qty,
"IC SMD AD8674ARZ (SO14)",10 qty,
"IC SMD AD9523-1BCPZ LFCSP72eP",3 qty,
"IC SMD AD9767ASTZ TQFP48-7",2 qty,
"IC SMD AD9833BRMZ",,
"IC SMD AD9834BRUZ",3 qty,
"IC SMD AD9835BRUZ",5 qty,
"ICSMD ADA4084-2ARMZ",4 qty,
"IC SMD ADA4522-2ARMZ",7 qty,
"IC SMD ADA4528-2ARMZ MSOP8",2 qty,
"IC SMD ADA4627-1ARZ SOIC8",,
"IC SMD ADA4637-1ARZ SOIC8",,
"IC SMD ADA4817-1ARDZ",,
"IC SMD ADA4870ARRZ",2 qty,
"IC SMD ADG1404YRUZ (TSSOP14)",2 qty,
"IC SMD ADG1408YRUZ (TSSOP16)",3 qty,
"IC SMD ADG1419BRMZ MSOP8",3 qty,
"IC SMD ADG1436YRUZ (TSSOP1600",3 qty,
"IC SMD ADG1606BRUZ TSSOP28",2 qty,
"IC SMD ADG5436FBRUZ TSSOP16",-1 qty,
"IC SMD ADG5462FBRUZ TSSOP16",2 qty,
"IC SMD ADG658YRUZ TSSOP16",1 qty,
"IC SMD ADG659YRUZ TSSOP-16",2 qty,
"IC SMD ADG708CRUZ (TSSOP16)",1 qty,
"IC SMD ADG732BSU",3 qty,
"IC SMD ADG732NSU",,
"IC SMD ADG849Y SC70-6",2 qty,
"IC SMD ADM2587E",,
"IC SMD ADP151AUJZ-2.5-R7 (TSOT5)",3 qty,
"IC SMD ADP7182AUJZ-2.5-R7 (TSOT5)",3 qty,
"IC SMD ADR03ARZ SOIC8",2 qty,
"IC SMD ADR3412ARJZ SOT23-6",2 qty,
"IC SMD ADR3425ARJZ SOT23-6",1 qty,
"IC SMD ADR421BRZ (SOIC)",4 qty,
"IC SMD ADR4550BRZ SOIC8",3 qty,
"IC SMD ADS1115IDGST",1 qty,
"IC SMD ADS1118IDGS",1 qty,
"IC SMD ADS1258IRTC",8 qty,
"IC SMD ADS5500IPAP TQFP64-10eP",,
"IC SMD ADS5542IPAP TQFP80-14",1 qty,
"IC SMD ADUM1100BRZ",2 qty,
"IC SMD ADUM1200ARZ",2 qty,
"IC SMD ADUM1201ARZ-ND",1 qty,
"IC SMD ADUM1201BRZ",5 qty,
"IC SMD ADUM1400ARWZ SOIC-16",1 qty,
"IC SMD ADUM3160BRWZ",3 qty,
"IC SMD ADUM3481ARSZ (SSOP20)",1 qty,
"IC SMD ADUM7440ARQZ",1 qty,
"IC SMD ADuM7442ARQZ QSOP16",,
"IC SMD ADuM7640ARQZ",5 qty,
"IC SMd ADuM7640CRQZ",2 qty,
"IC SMD ADUM7642ARQZ",5 qty,
"IC SMD ADV3205JSTZ LQFP100-14",,
"IC SMD ADXL103CE",3 qty,
"IC SMD ADXL325BCPZ",1 qty,
"IC SMD ADXL326BCPZ",2 qty,
"IC SMD ADXL327BCPZ",2 qty,
"IC SMD AH49ENTR-G1",4 qty,
"IC SMD AH49H",6 qty,
"IC SMD AH49HNTR-G1",5 qty,
"IC SMD AT24CM02-SSHM-B",1 qty,
"IC SMD ATMEGA1284-AUR",2 qty,
"IC SMD ATMEGA168PA-AU",2 qty,
"IC SMD ATMEGA 32A",1 qty,
"IC SMD ATMEGA644-20AU",2 qty,
"IC SMD ATmega88-20AU",2 qty,
"IC SMD ATSAM3U4EA-AU",1 qty,
"IC SMD CY7C1061DV33-10ZSXI",,
"IC SMD CY7C1061G30-10ZSXI",,
"IC SMD DAC5672AIPFB",1 qty,
"IC SMD DAC7744E (SSOP48)",,
"IC SMD DG303BDY",2 qty,
"IC SMD DG408CY",2 qty,
"IC SMD DG409DY",1 qty,
"IC SMD DG441",3 qty,
"IC SMD DS1077U MSOP8",2 qty,
"IC SMD DS2408S+ SO16",,
"IC SMD DS2413P+",4 qty,
"IC SMD DS2482S-100",2 qty,
"IC SMD DS2482S-800+",1 qty,
"IC SMD DS28EC20P+",8 qty,
"IC SMD DS91C176TMA SOIC8",2 qty,
"IC SMD FOD0721 (SOIC)",,
"IC SMD FS7145-01 SO16@",,
"IC SMD FT2232HL",,
"IC SMD FT2232HL-10-6.71(LQFP)",2 qty,
"IC SMD FT232RL  28 PIN  SSOP",4 qty,
"IC  SMD  FT245R",,
"IC SMD GD441DY-E3",,
"IC SMD H11AA1S SMT6",1 qty,
"IC SMD HCPL0638",,
"IC SMD HCPL-063L",3 qty,
"IC SMD HV209FG-G",3 qty,
"IC SMD ICL7667CBA",5 qty,
"IC SMD IDT72V2113L6PFG (TQFP)",,
"IC SMD IDT72V85L20PA",6 qty,
"IC SMD INA114AU",9 qty,
"IC SMD ISL28134IBZ (SOIC8)",1 qty,
"IC SMD ISO1541D",3 qty,
"IC SMD ISO3086DW",2 qty,
"IC SMD L297D",1 qty,
"IC SMD L298P",1 qty,
"IC SMD LM2596-ADJ",5 qty,
"IC SMD LM311D",,
"IC SMD LM311M SOIC",4 qty,
"IC SMD LM3150MH HTSSOP-14eP",2 qty,
"IC SMD LM35DM (SOIC8)",1 qty,
"IC SMD LM393DR",20 qty,
"IC SMD LT3045EMSE MSOP12-EP",3 qty,
"IC SMD LT3094EMSE MSOP12-EP",3 qty,
"IC SMD LT6657AHMS8-1.25 (MSOP-8)",1 qty,
"IC SMD LTC1150CS8",,
"IC SMD LTC6957IMS-1 MSOP12",2 qty,
"IC SMD LTC6957IMS-3 MSOP12",2 qty,
"IC SMD LTC6957IMS-4",1 qty,
"IC SMD MAX232DR",2 qty,
"IC SMD MAX297",,
"IC SMD MAX7221CWG",1 qty,
"IC SMD MC74LCX16373DT TSSOP48",4 qty,
"IC SMD MMPQ2222",4 qty,
"IC SMD MMPQ3904",2 qty,
"IC SMD MOC3023S",3 qty,
"IC SMD MSP430F5521",2 qty,
"IC SMD MSP430F5529IPN@",,
"IC SMD NC7SB3157P SC70-6@",,
"IC SMD NC7WZ04P6X SC70-6",,
"IC SMD NC7WZ86K8X",2 qty,
"IC SMD OP1177ARMZ",71 qty,
"IC SMD OP2177ARMZ",43 qty,
"Ic Smd OPA129UB",,
"IC SMD OPA188AIDR",,
"IC SMD OPA2188AIDR (SOIC8)",1 qty,
"IC SMD OPA2365AIDR SOIC8",2 qty,
"IC SMD OPA388IDR (SOIC8)",1 qty,
"IC SMD OPA453FAKTWT",4 qty,
"IC SMD PA343DF",,
"IC SMD PA443DF",13 qty,
"IC SMD PC16552DV",8 qty,
"IC SMD PCA9306DCTR",7 qty,
"IC SMD PCA9306DCU MSOP8",2 qty,
"IC SMD PCA9543ADR",4 qty,
"IC SMD PCA9557D",4 qty,
"IC SMD REF01CSA+",4 qty,
"IC SMD REF102AU",,
"IC SMD REF102CU",1 qty,
"IC SMD RT9818C-29GV",1 qty,
"IC SMD SHT31-ARP-B",1 qty,
"IC SMD SI8045AA QSOP16",2 qty,
"IC SMD SN65HVD73DGS MSOP10",3 qty,
"IC SMD SN74AHC02PWR TSSOP14",5 qty,
"IC SMD SN74ALVC08PW TSSOP14",2 qty,
"IC SMD SN74ALVC32PW TSSOP14",2 qty,
"IC SMD SN74AUP1G04DBV",,
"IC SMD SN74AUP1G04DBV SOT23-5",4 qty,
"IC SMD SN74AUP2G32DCUR",5 qty,
"IC SMD SN74GTLPH1655DGGR TSSOP64",3 qty,
"IC SMD SN74HC138D",6 qty,
"IC SMD SN74HC148D",2 qty,
"IC SMD SN74HC175D",5 qty,
"IC SMD SN74HC574PW",5 qty,
"IC SMD SN74LS32D SO14@",,
"IC SMD SN74LVC138AD",,
"IC SMD SN74LVC138APW TSSOP16",7 qty,
"IC SMD SN74LVC139APW TSSOP16",9 qty,
"Ic SMD SN74LVC1G08DCK SC70-5",3 qty,
"IC SMD SN74LVC1G125DCK SC70-5",2 qty,
"IC SMD SN74LVC1G17DCK SC70-5",,
"IC SMD SN74LVC1G373DCK SC70-6",2 qty,
"IC SMD SN74LVC1T45DBV",6 qty,
"IC SMD SN74LVC2G125DCT MSOP8",1 qty,
"IC SMD SP3003-04A",3 qty,
"IC SMD TPS2110APWR TSSOP8",2 qty,
"IC SMD TPS72301DBVR",6 qty,
"IC SMD TPS73001DBVR",12 qty,
"IC SMD TPS73601DBV SOT23-5",13 qty,
"IC SMD TPS73633DBV SOT23-5",8 qty,
"IC SMD TPS75833KTT",5 qty,
"IC SMD TPS76333DBV SOT23-5",5 qty,
"IC SMD TPS7A3001DGNR",1 qty,
"IC SMD TPS7A4901DGN",3 qty,
"IC SMD TPS7A7001DDA SOIC8-EP",,
"IC SMD TRS3222ECDW",6 qty,
"IC SMD UC385TDKTTT-1 TO263-5",1 qty,
"IC SMD W5300 LQFP100-14",,
"IC SMD W5500 LQFP48-7",2 qty,
"IC Socket Strip 32PIN M",5 qty,
"IC STRIP 4 PIN  (8W R/A SKT.2.54MM) (STRIP 8 PIN)",69 qty,
"IIST Upgrade",,
"INDUCTOR   BEADS     (B63)",,
"INDUCTOR SMD 10MH/3528/CASE B",,
"INDUCTOR SMD 22uh@",1 qty,
"INDUCTOR SMD LQH44PN220MPOL 1515",3 qty,
"INDUCTOR SMD MSS1278-142ML MSS1278-FP",,
"INDUCTOR SMD MSS1278-473ML",,
"INDUCTOR THRU 010uH",91 qty,
"INDUCTOR THRU 100uH",86 qty,
"IQ Software Package",,
"ITO Coated Glass Slide",3 qty,
"ITO Coated PET Sheet",1 qty,
"IUAC Upgrade",,
"JUMPER 02PIN",64 qty,
"JUMPER SSH 003T P0.2 H X2 12in",6 qty,
"Kater's Pendulum",,
"Kater's Pendulum  Frame Rod",4 qty,
"Kater's Pendulum T/B Plates",2 qty,
"KNOB MICROSCOPE BIG",9 qty,
"KNOB MICROSCOPE SMALL",9 qty,
"Lantronix Networking Modules",,
"Latch PAH-CT-0220",,
"LCD Blue 128*64",,
"LCD Blue 16*2",4 qty,
"LCD Blue 20*4",1 qty,
"LCD STM",,
"LCD Yellow 16*2",1 qty,
"LCD Yellow  20*4",,
"LED 7SD LSHD-7803",,
"LED 7-SEGMENT RED C/A",180 qty,
"LED BARGRAPH   GREEN   C/A",40 qty,
"LED BARGRAPH RED C/A",37 qty,
"LED FLAT 5mm YELLOW",87 qty,
"LED HOLDER 5MM",42 qty,
"LED IR 3mm + IRPHOTOTRANSISTOR",24 qty,
"LED IR 5mm Receiver",10 qty,
"LED IR 5mm Transmitter",10 qty,
"LED ROUND 5mm Green",1 qty,
"LED ROUND 5mm Red",1 qty,
"LED ROUND   5MM  SHROUD",33 qty,
"LED SMD 0805 BLUE",5 qty,
"LED SMD 0805 GREEN",5 qty,
"LED SMD 0805 RED",5 qty,
"LED SMD 1206 GREEN",35 qty,
"LED SMD 1206 RED",12 qty,
"LED SMD 5360 WHITE",15 qty,
"LED SMD LTST-C235KGKRKT BILED-1206",7 qty,
"LED THRU 3mm Opaque Green",23 qty,
"LED THRU 3mm Red",34 qty,
"LED THRU 3mm R/G C/A 3Leg",23 qty,
"Lens 10x Dia=15mm",,
"LIA Assembly Back-Panel",,
"LIA Assembly Front-Panel",,
"LIA Fasteners",,
"Light Pipe 4-Array Dialight 515-1020",1 qty,
"LIGHT PIPE 5151114F LIGHTPIPE-2-STACKED-RA-1",2 qty,
"Light Pipe  SLP3-150-100-R Light Pipe-1-RA-1",6 qty,
"LIGHT PIPE SLP3-300-100-F LIGHTPIPE-1-RA-1",8 qty,
"Light Pipe VLP-400-R",,
"Lock-in Amplifier SLIA",6 qty,
"Lock-in Amplifier XLIA",,
"LVDT 50mm",-1 qty,
"LVDT Frame",1 qty,
"Magnet Catcher",,
"MCB DP 32A",,
"MCB SP 16A",,
"MCTM",13 qty,
"MCTM BOX ASSEMBLY",,
"MCTM MAIN CARD",,
"MCTM UPGRADE",,
"Medical Microscope B 20016",,
"ME- Flow Velocity Measurement",1 qty,
"ME-Fluid Mechanics",,
"ME-Heat Flow Expt",1 qty,
"ME- IR Link",1 qty,
"ME- Lock-in Anatomy",1 qty,
"ME-Precision-G-Freefall",1 qty,
"ME-Precision-G-Pendula",1 qty,
"ME-Refrigeration Cycle",1 qty,
"ME-Resonating Crystal",1 qty,
"ME-Simple Machines",,
"ME-Spring-Cantilever",1 qty,
"ME-Structural Analysis",,
"ME-Susceptometer Optimization",1 qty,
"MF04B Electronics",,
"MFC-04-B",,
"MFC Manifold (20027)",1 qty,
"MICROCONTROLLER",,
"Modification Modules",,
"Module SMPS BEI15-050-Q12N-C",1 qty,
"Monitor  (Dell ST2420L 24" Wide)",,
"Monitor Mount Clamp",,
"MOSFET SMD STD65N3LLH5 To252",2 qty,
"Motor Controller & Cabling",,
"Motor Crmpton Grees",,
"MR QUARTZ TUBE",-2 qty,
"M S Plate (Finished)",,
"Multi-Frame Attachment  (ACTM)",,
"Multi-Frame Attachment (DPU)",,
"Multi-Frame Attachment (MCTM)",,
"Multimeter",,
"Multimeter Lead",,
"MU-VSM-STM-PARTS",,
"NanoETCH 1.0",,
"NanoPOS1.0 Electronics",,
"NanoREV 4.0 AIR STM",,
"NanoREV5.0 AIR STM",,
"NanoREV6.1 AIR STM",,
"NanoREV6.7 AIR STM",,
"NanoREV6.8 AIR STM",,
"NanoREV7.0 Electronics",,
"NanoREV7.2.1 AIR STM",4 qty,
"NanoREV7.2 AIR AFM",,
"NanoREV7.2 AIR STM",,
"NanoREV DVD Samples",,
"NanoRev Mica Substrate",,
"NEEDLE CLAMP",,
"NEEDLE HOLDER",,
"NEEDLE HOLDING ROD",,
"Non-Submersible Pump",,
"NUT GAS INLET MOUNTING M8 SS",,
"NUT M8x1/16" Brass",170 qty,
"NUT MS M2",,
"NUT MS M3",,
"NUT MS M4",,
"NUT SS M6",,
"NUT SS M8",,
"NUT SS M8x1/16"",,
"NUT SS M8x1/8"",224 qty,
"Oil Tank & Pump Cover",,
"OLD / OBSOLETE",,
"O-Ring Viton (03-48)",2 qty,
"O-Ring Viton (05-07)",38 Pc,
"O-Ring Viton (07-10)",4 Pc,
"O-Ring Viton (18-21)",4 Pc,
"Parallel Port Cable Assembly",,
"PBC NanoREV 7.2 HVA",,
"PCB 4P Insert",290 qty,
"PCB 4 Probe RT R1",,
"PCB 4ProbeRT R1 P3",20 qty,
"PCB 4ProbeRT R1 P3 Panel",,
"PCB 4ProbeRT R2 P1",,
"PCB 4ProbeRT R2 P2",,
"PCB 4ProbeRT R3 P1",,
"PCB 4ProbeRT R3 P2 Rev1",7 qty,
"PCB 4Probe Tester R1",,
"PCB 64X128-Graphical-LCD-Adaptor, REV-1",,
"PCB-8Channel-DAC-Signal Cond-Term Card-001-21-10-11",,
"PCB ACTM-003-10-09-2005",99 qty,
"PCB-ACTM-CALROM-MSP-001-09-09-09",91 qty,
"PCB ACTM-LEDBG-003-01-09-2005",110 qty,
"PCB ACTM-LVDT-001-10-03-2004",8 qty,
"PCB ACTM  RS232-CONVERTER-001-01-08-2003",10 qty,
"PCB   ACTM-SIGNAL-001-10-08-2007",,
"PCB ACTM-SOLENOID RELAY CARD",,
"PCB ACTM-SWC-003-01-09-2005",127 qty,
"PCB ADDON-ADC-DAC",,
"PCB ADDON_USB_DAQ",,
"PCB AFM QOKE 1.2",2 qty,
"PCB AFM QOKE R1",1 qty,
"PCB AFM Shroud Base-Conn",,
"PCB AFM V-CAVITY BASE 1.0",,
"PCB AM3-DIO",,
"PCB APGD-R1",1 qty,
"PCB APGD-R2",,
"PCB APR-R1",,
"PCB BMScanner Conn",,
"PCB BPCL-SIDECUT-R1",,
"PCB BPCL-SIDECUT-R2",4 qty,
"PCB CDS-003-22-04-2006",,
"PCB CDS-SWC-LED-003-22-04-2006",,
"PCB CVD-TCON-DIO-R1",1 qty,
"PCB CVD-TCON-DIO-R2",2 qty,
"PCB EDGE 1888946-1",,
"PCB EDGE HSEC8-120-01-S-EM2",,
"PCB EDGE HSEC8-180-01-S-DV-A-BL",,
"PCB EPC-MAIN-BOARD-REV-4",2 qty,
"PCB EPC-POWER-DISTRIBUTION-BOARD-REV-2",1 qty,
"PCB EPC-POWER-DISTRIBUTION-CARD-REV-1",,
"PCB EPC-SENSOR-BOARD-REV-4",1 qty,
"PCB G-AIO-SIGGEN",,
"PCB-GATEWAY-003-20-10-2010",,
"PCB -GC-DIN-DOUT-IRQ-LCD-KEYPAD-PS, REV-1",,
"PCB GC-DOUT-CARD-003-15-04-2006",,
"PCB GC-FID-CARD-005-29-10-2006",,
"PCB GC-FIDHV-CARD-005-29-10-2006",,
"PCB GC-FIDPREAMP-CARD-006-20-04-2007",,
"PCB GC GENERIC CARD",,
"PCB GC-KEYPAD-CARD-003-15-04-2006",,
"PCB GC-KEYPAD, REV-5.0",,
"PCB GC-LCD-KEYPAD-CARD-003-15-04-2006",,
"PCB GC-MOTHER-003-15-04-2006",,
"PCB GC-OVEN-INJ-CARD-003-15-04-2006",,
"PCB GC-SERIAL-CARD-003-15-04-2006",,
"PCB GC-SOLENOID-DRIVER-CARD-003-15-04-2006",,
"PCB GC-TCD-CARD-002-12-05-2005",,
"PCB GC-TERMINAL-CARD-003-15-04-2006",,
"PCB GPB   543",3 qty,
"PCB I2C-DIO-8-R1",1 qty,
"PCB I2C-DIO-8-R2",,
"PCB-MAX-232",,
"PCB MEL-FV-AMPL-R1",1 qty,
"PCB MEL-HF-SB-R1",2 qty,
"PCB MEL-HF-TWG-R1",1 qty,
"PCB MEL-IR-RECV R1",,
"PCB MEL-IR-TRANSMIT R1",,
"PCB MG-PS-Analog R2",,
"PCB MG-PS Analog R3",,
"PCB MG-PS-Digital R2",,
"PCB MG-PS Digital R3",,
"PCB NanoREV6.1",,
"PCB NanoREV6.7",,
"PCB NanoREV6.8",,
"PCB NanoREV 7.2 HVA",,
"PCB NanoREV 7.2 MB",,
"PCB PHL-LD-NG-R1",2 qty,
"PCB PSOP24-EXP",10 qty,
"PCB  Qad16-41-64m-32",2 qty,
"PCB QAD16-61-4M1",1 qty,
"PCB Qad24-31-64m16",,
"PCB QAD24-31-64M16-R2",2 qty,
"PCB  QAINDS16-R1",6 qty,
"PCB QAINDS16-R2",,
"PCB QAINDS-ASC-16",,
"PCB QAO-HVD-P1M140-2",,
"PCB QDA2002",1 qty,
"PCB QDA FEMCA-QM9-R1",1 qty,
"PCB QDA FEMCA-QM9-V2-R1",1 qty,
"PCB QDA FESP-QM7-R1",,
"PCB QDA L41XA-R1",,
"PCB QDA L41XB-R1",,
"PCB QDA L41xB-R2",,
"PCB QDA L41XB-R3",,
"PCB QDA L41XB-R4",,
"PCB QDA QAFE-PO-VGSI4-R1",,
"PCB QDA QAO-HVD-P1M140-2",,
"PCB QDA QASC-ISTRAIN-R1",,
"PCB QDA QASC-ISTRAIN-R2",1 qty,
"PCB QDA QASC-LVDT-R1",,
"PCB QDA QASC-LVDT-R2",1 qty,
"PCB QDA QASC-RTD-B16S-R1",1 qty,
"PCB QDA QASC-T1-R1",,
"PCB QDA QASC-T1-R2",,
"PCB QDA QASC-T1-R3",48 qty,
"PCB-QDA-QASC-T2-R1",,
"PCB-QDA-QASC-T2-R2",4 qty,
"PCB QDA QASC-T4-R1",,
"PCB-QDA-QASC-T4-R2",3 qty,
"PCB QDA QASC-VMEAS",,
"PCB QDA QI-CLK1-R1",3 qty,
"PCB QDA QM-AD14-780AS-2M1-R1",,
"PCB QDA-QM-AD14-780AS-2M1-R2",,
"PCB QDA QM Backplane-5-R1",3 qty,
"PCB QDA QM Backplane-9-R1",,
"PCB QDA QM  Clockgen-1G-R1",,
"PCB QDA QM-CLOCKGEN-1G-R2",1 qty,
"PCB QDA QM-DA14-82-2M1-R1",,
"PCB QDA-QM-DA14-82-2M2-R2",,
"PCB QDA QM-EXT-RS485-R1",,
"PCB  QDA QM-MB-AM3-R1",1 qty,
"PCB QDA QM-MB-AM3-R2",,
"PCB QDA QMUX-D16M-R1",1 qty,
"PCB QDA QMUX-S16M-R1",,
"PCB QDA QMUX-S16-R1",,
"PCB QDA QNA-51-DIC-R1",2 qty,
"PCB QDA QPID-R1",,
"PCB QDA QPiD R2",1 qty,
"PCB QDA QPS Backplane-D311-R1",,
"PCB QDA QPS-S1-POL-R1",3 qty,
"PCB QDA QSENS-ACCEL1",,
"PCB QDA QSENS-ACCEL3",4 qty,
"PCB QDA QSENS-HUMIDITY-R1",2 qty,
"PCB QDA QSENS-PRESSURE-26PC-R1",,
"PCB QDA QSENS-PRESSURE-26PC-R2",7 qty,
"PCB QDA QSENS-PRESSURE-MPX-R1",,
"PCB QDA QSENS-PRESSURE-MPX-R2",11 qty,
"PCB QDA USB-TO-OPT-UART-R1",2 qty,
"PCB QDA USB-UART-R1",2 qty,
"PCB QDIC-OPT-16",,
"PCB QI-MB-AM3-R3",2 qty,
"PCB QMB-AM3-R2",,
"PCB  Qmem16",3 qty,
"PCB  Qpsl",,
"PCB QPS-L1-1",2 qty,
"PCB QSC-AD",,
"PCB QSM1004, Rev-1.0",,
"PCB QTM1004, Rev-2",1 qty,
"PCB QTRIG",,
"PCB Q-USB-RS232",1 qty,
"PCB RD-TEMP-ADC-P1",4 qty,
"PCB-RS232-2CHN-Isolation-001-21-10-11",,
"PCB SO-AFM-P1",2 qty,
"PCB Spacer 15mm M3",138 qty,
"PCB-STM-005-01-02-09",,
"PCB STM CROSS-BASE-SUMIPROBE",,
"PCB STM NanoPOS 1.0",3 qty,
"PCB STM PA-CONVERTER-1",5 qty,
"PCB STM SUMIPROBE",,
"PCB-STM-TCA-1.0",,
"PCB STM TCA-2.0",1 qty,
"PCB STM TCA-HBW-1.0",1 qty,
"PCB STM Tip Kit 1.0",5 qty,
"PCB STM-USB-CNVERTOR-REV1.0",,
"PCB STM-USB-CONVERTER",,
"PCB STM V-CAVITY BASE",,
"PCB STM V-CAVITY BASE 2.0",7 qty,
"PCB STM V-CAVITY BASE 3.0",1 qty,
"PCB STM VCAVITY CROSS BASE 1.0",,
"PCB-STM-VIB-CONN-001-08-04-09",,
"PCB STM VIB ZIF",,
"PCB STM ZIF 2.0",,
"PCB Switch Card",5 qty,
"PCB TCON-BASE-R1",2 qty,
"PCB TFA-001-12-10-09",,
"PCB UART-OPTO-ISO-R1",5 qty,
"PCB USBASP-Q-1",3 qty,
"PCB USB TO UART CONVERTER-R1",,
"PCB-VSTM-VFT",,
"PCB-VSTM-VFT-PANEL",1 qty,
"PCB X-HiRES-R2",,
"PCB X-HiRES R3",,
"PCB X-HiRES-R4",3 qty,
"PCB X-LIA-1",,
"PCB X-LIA-MB-1P",,
"PCB X-LIA-MB-R1",,
"PCB X-LIA-MB-R2",5 qty,
"PCB X-LIA-MB-R3",1 qty,
"PCB X-LIA-MUL-1P",,
"PCB X-LIA-MUL-R1",,
"PCB X-LIA-MUL-R2",5 qty,
"PCB-X-LIA-MUL-R3",1 qty,
"PCB X-LIA-NOTCH-R1",7 qty,
"PCB X-LIA-REFEXT-P1",,
"PCB X-LNA-R1",1 qty,
"PCB X-MG-PS-R1",,
"PCB X-MT-CTRL-R1",,
"PCB X-MT-CTRL-R2",2 qty,
"PCB X-MT-CTRL-R3",,
"PCB X-NVM-ANALOG R1",,
"PCB X-NVM-DIGITAL R1",,
"PCB XPL-HALL-R1",,
"PCB XPL-HALL-R1-PANEL",,
"PCB XPL-HALL-R2",,
"PCB XPL-HALL-R2-PANEL",1 qty,
"PCB XPL-RES-STAGE-P4-R1",,
"PCB X-PS-L1",,
"PCB X-PS-L2",,
"PCB X-PS-L2.3",,
"PCB X-PS-R3",,
"PCB X-QSENS-HALL-R1",,
"PCB X-SMU-1",,
"PCB X-SMU-ADDON",2 qty,
"PCB X-SMU-HI-RES-R1",,
"PCB X-SMU-HVA-R1",,
"PCB X-SMU-R2-1",,
"PCB X-SMU-R3",,
"PCB X-SMU-R4",,
"PCB X-SMU R5",,
"PCB X-SMU R6",,
"PCB X-TCON-L1",,
"PCB X-TCON-L2",,
"PCB X-TCON-L2-R2",,
"PCB X-TCON-L2-R3",,
"PCB X-TCON-PS-Addon-R1",,
"PCB ZSTG-LMSW-R1",,
"PCI TO 2 PORT SERIAL CARD   (F9)",,
"PDA 242500 S.S.R  Relay",,
"PID-528-2 (Temp. Controller)",1 qty,
"Piezo PZT DISCS (10mm DiaX1mm Th.)",-3 qty,
"Piezo PZT SQUARES (10X10X0.2)mm",,
"Piezo Tubes (12.7-ODx10.7-IDx25.4L)mm",26 qty,
"Piezo Tubes (6.35-ODx5.3-IDx12.7L)mm",76 qty,
"Piezo Tubes (6.35-ODx5.3-IDx25.4L)mm",,
"PILLAR CAP",,
"PILLAR PCB M3 X 10mm",,
"PILLAR VERTICAL",,
"PINION SHAFT",,
"Pipe Aluminium ID75mm",,
"PIPE  SS   304 (ID35 OD39)   (Q2/WS)",,
"PLATE MS 15MM",,
"POT DIAL 10 TURN 100K",8 qty,
"POT DIAL 10 TURN 10K",,
"POT DIAL 10 TURN 1K",,
"POT DIAL 10TURN 1M",,
"POT DIAL 10 TURN 20K",6 qty,
"POT DIAL 10 TURN 50K",,
"POT METAL/DIAL KNOB",1 qty,
"POT TRIM 001K",4 qty,
"POT TRIM 002K",,
"POT TRIM 005K",4 qty,
"POT TRIM 010K",19 qty,
"POT TRIM 020E 3006P",6 qty,
"POT TRIM 020E 3296",,
"POT TRIM 020K",10 qty,
"POT TRIM 050K",16 qty,
"POT TRIM 100E",1 qty,
"POT TRIM 100K",3 qty,
"POT TRIM 100K 3006P",9 qty,
"POT TRIM 1ME",6 qty,
"POT TRIM 1ME 3006p",8 qty,
"POT TRIM 200E",8 qty,
"POT TRIM 200K",48 qty,
"POT TRIM 500E",15 qty,
"POT TRIM L/B 10E",41 qty,
"POT TRIM L/B 20E",16 qty,
"Power Cord (Dell Adaptor)",,
"Power Cord F 6Amp",4 qty,
"POWER LED CABLE",,
"PPMS Model Xplore1.0",,
"PPMS Model Xplore 1.1",,
"PPMS Xplore Electronics",,
"PQMS Cables & Connector-Set",,
"PQMS Extension Board",1 qty,
"PQMS External Cable Set",,
"PQMS Heat-Sink 66(W)X50(L)mm",,
"PQMS Installation Kit",1 qty,
"PQMS Internal Cables",,
"PQMS Mechanical Assembly",,
"PQMS Model Xplore1.2",1 qty,
"PQMS Screw Set",,
"PQMS Toolkit",,
"Pressure Cell (WIKA)",1 qty,
"Pressure Guage 150 PSI",,
"Pressure Guage 300 PSI",,
"PROCESS SELECTIPON TOGGLE SWITCH CABLE",,
"PRODUCTION DAMAGES (QDAL)",,
"Pt-100 Film Type (5mm)",,
"PT100 PPG101A1",,
"Pt-100 Rod Type (15cm)",,
"PUSH BUTTON START CABLE",,
"PVC Pipe Adapter",1 qty,
"Qainds16 Card",,
"QASC-3VS (3-Axis Accelerometer)",2 qty,
"QASC-5VS (MPX-Gas Pressure)",11 qty,
"QASC-ILSA (4-20mA I-Meas)",,
"QASC-LVDT",4 qty,
"QASC-PIEZO",4 qty,
"QASC-PIEZO (With Probe)",,
"QASC Rack Side-Plates",,
"QASC-RMVE (26PC-Liq Pressure)",10 qty,
"QASC-RMVE-PA (Programmable Gain)",,
"QASC-RMVE-PD",1 qty,
"QASC-RTD",16 qty,
"QASC-STRAIN",2 qty,
"QASC Test-Jig LVDT",1 qty,
"QASC-THC-K",4 qty,
"QASC-VMEAS",8 qty,
"QDA1004",,
"QDA1008",,
"QDA1032-1",,
"QDA 1032B-THC",,
"QDA2002",,
"QDAL412B",1 qty,
"QDAL412B Software Package",,
"QDAL414B",5 qty,
"QDAL Prototypes",,
"QDAL Test-Jig",1 qty,
"QDAL Test-Jig Cables R1",1 qty,
"QDAL Test-Jig SigCond R1",1 qty,
"QDAM772E1B Accessories",,
"QDAM772E1B Hardware",,
"QDAM772E1B Software",,
"QDA MH774E4A",,
"QDAMH774E4A Software",,
"QDA MH-77 Accessories",,
"QI-CLK1-R1",,
"Q-Intel Dongle",,
"Qmb-Am3 Card",,
"QMUXS16",,
"QMUXS16M",,
"QOKE1.2 Oscillation Control & LIA",,
"Qpsl Card",,
"QRYSTAL-CVD-1100-12-ATMOS",,
"QSENS-ACCEL1-1.7G",1 qty,
"QSENS-ACCEL3-16G",1 qty,
"QSENS-ACCEL3-2G",1 qty,
"QSENS-ACCEL3-5G",,
"QSENS-HUMIDITY",,
"QSENS-PRESSURE-GA",,
"QSENS-PRESSURE-LD-100PSI",,
"QSENS-PRESSURE-LD-1PSI",,
"QSENS-PRESSURE-LD-250PSI",,
"QSENS-PRESSURE-LD-5PSI",1 qty,
"QSM1004 Accressories",,
"QSM1004, Rev-1.0 Card",,
"QTM1004 Accressories",,
"QTM1004, Rev-2 Card",,
"Quartz Plates",1 qty,
"QuartzTube 45x48x1160mm",,
"Quazar DataStore Server Software",,
"Q-Usb-Rs232 Card",,
"RACK BRASS",,
"RACK MOUNTING SLIDE BRASS",,
"RACK SLIDING STRIP COPPER",,
"R&D AC Current Source",,
"R&D AFM1.0 Card",,
"R&D AFM Self Oscillator",,
"R&D Function Generator",,
"R&D Hi-RES 1.00",,
"R&D HVA-SMU Card",,
"R&D HVA Testing Jig",,
"R&D LIA Opto-Isolator",,
"R&D Lock-in Walsh",1 qty,
"R&D NVM R.0",,
"R&D Programmer Card",,
"R&D Sample Stage",1 qty,
"R&D TCA 2.0",,
"R&D TCA HBW",1 qty,
"R&D TCon Calibrator",,
"R&D Temp Sensor ADC Card",,
"R&D X-LIA- Refext",1 qty,
"R&D X-SMU Source Monitor",,
"Reducer Gas Inlet",,
"Reg Metal Can 2N3055G",1 qty,
"REG METAL CAN 7805",12 qty,
"REG METAL CAN 7808",,
"REG METAL CAN 7809",,
"REG METAL CAN 7812",,
"REG METAL CAN 7815",,
"REG METAL CAN 7818",,
"REG METAL CAN 7905",,
"REG METAL CAN 7908",,
"REG METAL CAN 7909",,
"REG METAL CAN 7912",,
"REG METAL CAN 7915",,
"REG METAL CAN 7918",,
"REG METAL CAN LM317",1 qty,
"REG METAL CAN LM337",,
"Reg Metal Can MJ2955G",1 qty,
"REG SMD LDL1117S50R",4 qty,
"REG TO220 7805",26 qty,
"REG TO220 7808",,
"REG TO220 7809",31 qty,
"REG TO220 7812",,
"REG TO220 7815",7 qty,
"REG TO220 7905",126 qty,
"REG TO220 7908",62 qty,
"REG TO220 7909",49 qty,
"REG TO220 7912",4 qty,
"REG TO220 7915",3 qty,
"REG TO220 BTA41-600B",,
"REG TO220 IRF540N",12 qty,
"REG TO220 IRF840",5 qty,
"REG TO220 LM317",4 qty,
"REG TO220 LM337",9 qty,
"REG TO220 TL783CKC",1 qty,
"REG TO220 VB408",14 qty,
"Relay DPDT 12 V GS-SH-212T",8 qty,
"Relay DPDT 5V DC",25 qty,
"Relay DPDT 5V GS-SH-205T",,
"Relay G6KU-2F-Y-TR-DC3",3 qty,
"RELAY IM23GR",,
"RELAY IM41G",2 qty,
"Relay RTE24005",14 qty,
"Relay SPDT 57DP-06-1C6 6V",28 qty,
"Relay SPDT 57DP-12-1C6 12V",,
"Relay SSR BDA 2410 00",,
"Repair Charges for STM (Comprehensive)",,
"Repair of CTM Pumping Unit",,
"RES 0.01% 0.2ppm 001K",3 qty,
"RES 0.01% 0.2ppm 010K",3 qty,
"RES 0.01% 0.2ppm 100E",3 qty,
"RES 0.01% 0.2ppm 500E",5 qty,
"RES 0.05% 05ppm 5.76K",4 qty,
"RES 0.1% 002K",4 qty,
"RES 0.1% 05ppm 001K",8 qty,
"RES 0.1% 05ppm 010K",9 qty,
"RES 0.1% 05ppm 050E",7 qty,
"RES 0.1% 05ppm 100K",2 qty,
"RES 0.1% 05ppm 1M@",9 qty,
"RES 0.1% 1.00M 1/4W",7 qty,
"Res 0.1% 10ppm 100E 1/8W",3 qty,
"RES 0.1% 10ppm 120E",3 qty,
"RES 0.1% 15ppm 5.76K",6 qty,
"RES 010M 1% 3/4W",2 qty,
"RES 1% 5ppm 24.9K",4 qty,
"RES 1% 6.81K 10PPM 1/8W",11 qty,
"RES 100M 1% 3/4W",4 qty,
"RES 100M 1% 50PPM",8 qty,
"RES 10K 1% 10W@",6 qty,
"RES 1G 1%",,
"RES 1G 5%@",5 qty,
"RES 605HR100E 0.1E",1 qty,
"Res 630HR010E 0.01E",1 qty,
"RES 630HR050E 0.05E",8 qty,
"RES ARRAY 0470E 9 Pin",,
"RES ARRAY 1K 9 Pin",51 qty,
"RES ARRAY 220E 9 Pin",80 qty,
"RES ARRAY 330E 9PIN",88 qty,
"RES ARRAY 4.7K 9PIN",6 qty,
"RES ARRAY 82R",50 qty,
"RES ARRAY SMD 082E 1206-4",20 qty,
"RES ARRAY SMD 100K",7 qty,
"RES ARRAY SMD (4) 01K",41 qty,
"RES ARRAY SMD (4) 0E",25 qty,
"RES ARRAY SMD (4) 10K",23 qty,
"RES ARRAY SMD (4) 330E",13 qty,
"RES ARRAY SMD 4.7k 1206-4",1 qty,
"RES ARRAY SMD 51E",2 qty,
"RES ARRAY THRU 09PIN 10K",95 qty,
"Resistor 1/4 (Q) Watt@",1000 qty,
"RES SMD# 300E",23 qty,
"Res Smd# 620E",22 qty,
"Res SMD 0.005E 0.1% 3W 3637",,
"Res SMD 0.005E 0.1% 5W 3637",1 qty,
"RES SMD 000E",224 qty,
"RES SMD 001.0K",65 qty,
"RES SMD 001.2K/0.125W 0805",3 qty,
"Res Smd 001.3K 0805",96 qty,
"Res Smd 001.5E@",100 qty,
"RES SMD 001.5K",43 qty,
"RES SMD 001.8K",86 qty,
"RES SMD 001E",186 qty,
"RES SMD 001E/0.5W 1206",3 qty,
"RES SMD 002.0K",80 qty,
"RES SMD 002.2K",47 qty,
"RES SMD 002.7K",88 qty,
"RES SMD 003.0K@",96 qty,
"RES SMD 003.3K",65 qty,
"RES SMD 003.9K",52 qty,
"RES SMD 0.03E 0.5% 2W 3637",1 qty,
"RES SMD 003K 0805 1%",96 qty,
"RES SMD 004.7K",30 qty,
"RES SMD 005.0K",51 qty,
"RES SMD 005.1E",91 qty,
"RES SMD 005.1K",266 qty,
"RES SMD 005.6E",100 qty,
"RES SMD 005.6K",99 qty,
"RES SMD 006.8K",8 qty,
"RES SMD 007.5K 0805",95 qty,
"RES SMD 008.2K",158 qty,
"RES SMD 009.1K 0805 1%",101 qty,
"RES SMD 010E",8 qty,
"RES SMD 010K",68 qty,
"RES SMD 011.8K@",9 qty,
"RES SMD 011K",98 qty,
"RES SMD 012.4K/0.125W 0805",99 qty,
"RES SMD 012K",171 qty,
"RES SMD 013K 0805",96 qty,
"RES SMD 014K",8 qty,
"RES SMD 015E",84 qty,
"RES SMD 015K",63 qty,
"RES SMD 018K",166 qty,
"RES SMD 01M",205 qty,
"RES SMD 020E",88 qty,
"RES SMD 020K",21 qty,
"Res Smd 022E",98 qty,
"RES SMD 022K",97 qty,
"RES SMD 024K/0.125",93 qty,
"RES SMD 027E",88 qty,
"RES SMD 027K",80 qty,
"RES SMD 030K",92 qty,
"RES SMD 033E",98 qty,
"RES SMD 033K",84 qty,
"RES SMD 039.0E",200 qty,
"RES SMD 039.2E",2 qty,
"RES SMD 039K",67 qty,
"RES SMD 046.4K",4 qty,
"RES SMD 047.0E",351 qty,
"RES SMD 047.5E@",6 qty,
"RES SMD 047E 35 Watts",,
"RES SMD 047K",214 qty,
"RES SMD 047M 0805",42 qty,
"RES SMD 050E",74 qty,
"RES SMD 050K",79 qty,
"RES SMD 051K",194 qty,
"RES SMD 056E",100 qty,
"RES SMD 056K",96 qty,
"RES SMD 068.0K",99 qty,
"RES SMD 068.1K",,
"RES SMD 068E",94 qty,
"RES SMD 075E",108 qty,
"RES SMD 075K 0805",5 qty,
"RES SMD 082E",11 qty,
"RES SMD 082K",82 qty,
"RES SMD 091E",100 qty,
"RES SMD 091K",98 qty,
"RES SMD 097.6E",94 qty,
"RES SMD 100E",85 qty,
"RES SMD 100E/0.25W",6 qty,
"RES SMD 100K",73 qty,
"RES SMD 100M",48 qty,
"RES  SMD   10K  MY0805(DELETE IT)",,
"RES SMD 10M",107 qty,
"RES SMD 110E",78 qty,
"RES Smd 110K/0.125w",97 qty,
"RES SMD 120E",93 qty,
"Res SMD 120E 0.05% 10ppm 1/8W",,
"RES SMD 120K",94 qty,
"RES SMD 130E/0.125W 0805",7 qty,
"RES SMD 130E 0805",,
"RES SMD 150E",6 qty,
"RES SMD 180E",71 qty,
"RES SMD 180K/0.125W",66 qty,
"RES SMD 200E",2 qty,
"RES SMD 200K@",63 qty,
"RES SMD 220E",55 qty,
"Res SMD 220K",100 qty,
"RES SMD 221E@",6 qty,
"RES SMD 243E",9 qty,
"RES SMD 270E",98 qty,
"RES SMD 330E",77 qty,
"RES SMD 390E",100 qty,
"RES SMD 402E",6 qty,
"RES SMD 470E",37 qty,
"RES SMD 470K",68 qty,
"RES SMD 499E",2 qty,
"RES SMD 560E",98 qty,
"RES SMD 680E",98 qty,
"RES SMD 750E 0805",95 qty,
"RES SMD 820E",100 qty,
"RES SMD 82R 0805",100 qty,
"RES SMD 910E",90 qty,
"RES SMD 910E 0805 1%",96 qty,
"RES SMD CRCW080510M0DHEAP",6 qty,
"RES SMD RN73C1J4R87B",2 qty,
"RES SMD RN73C1J8R66BTD",1 qty,
"RES SMD RN73C2A100KB 0805",9 qty,
"RES SMD RN73C2A100RB 0805",14 qty,
"RES SMD RN73C2A105RB",9 qty,
"RES SMD RN73C2A10K0B 0805",5 qty,
"RES SMD RN73C2A10RB",4 qty,
"RES SMD RN73C2A10RB 0805",,
"RES SMD RN73C2A121KB 0805",8 qty,
"RES SMD RN73C2A15R4BTDF",1 qty,
"RES SMD RN73C2A1K0B 0805",4 qty,
"RES SMD RN73C2A1K1B 0805",11 qty,
"RES SMD RN73C2A1K3BTDF",,
"Res SMD RN73C2A1K74BTDF",3 qty,
"RES SMD RN73C2A200RB",4 qty,
"RES SMD RN73C2A221RB",2 qty,
"RES SMD RN73C2A24K9B 0805",7 qty,
"RES SMD RN73C2A24R3B 0805",2 qty,
"RES SMD RN73C2A2K00B",,
"RES SMD RN73C2A2K7B 0805",8 qty,
"RES SMD RN73C2A301RB",,
"RES SMD RN73C2A3K3B",1 qty,
"RES SMD RN73C2A3K92B",14 qty,
"RES SMD RN73C2A432RB",2 qty,
"RES SMD RN73C2A43R2B",2 qty,
"RES SMD RN73C2A499RB",1 qty,
"RES SMD RN73C2A49R9B 0805",18 qty,
"RES SMD RN73C2A4K32B",2 qty,
"RES SMD RN73C2A56K2B 0805",5 qty,
"RES SMD RN73C2A5R11B",3 qty,
"RES SMD RN73C2A75RB 0805",1 qty,
"RES SMD RN73C2A825RB",1 qty,
"RES SMD RN73C2A82R5B 0805",8 qty,
"RES SMD RN73C2A8K25B 0805",8 qty,
"RES SMD RN73C2A8R25B 0805",8 qty,
"RES SMD RNCF0805TKY10K0 0805",15 qty,
"RES SMD RNCF0805TKY1K00",3 qty,
"RES SMD RNCF0805TKY250R",3 qty,
"RES SMD RNCF0805TKY499R",4 qty,
"RES SMD RNCF0805TKY49R9",2 qty,
"RES SMD RNCF0805TKY4K99",4 qty,
"RES SMD RQ73C2B1M0BTD 1206",4 qty,
"RES THRU 001.0K",25 qty,
"RES THRU 001.2K",982 qty,
"RES THRU 001.3K",,
"RES THRU 001.5K",52 qty,
"RES THRU 001.8K",,
"RES THRU 001E",121 qty,
"RES THRU 001E (2W)",110 qty,
"RES THRU 001M",60 qty,
"RES THRU 002.0K",106 qty,
"RES THRU 002.2E",,
"RES THRU 002.2K",158 qty,
"RES THRU 002.2M",,
"RES THRU 002.4K",,
"RES THRU 002.7K",,
"RES THRU 003.3K",97 qty,
"RES THRU 003.9K",,
"RES THRU 004.7K",20 qty,
"RES THRU 004.9K",12 qty,
"RES THRU 005.0K",384 qty,
"RES THRU 005.6K",147 qty,
"RES THRU 005E",,
"RES THRU 006.8K",,
"RES THRU 007.5K",98 qty,
"RES THRU 008.2K",184 qty,
"RES THRU 010E",144 qty,
"RES THRU 010E (02W)",188 qty,
"RES THRU 010E (0.5W)",69 qty,
"RES THRU 010E (20W)",,
"RES THRU 010E - 4-Band",50 qty,
"RES THRU 010K",69 qty,
"RES THRU 010K- 4-Band",100 qty,
"RES  THRU 010M",74 qty,
"RES THRU 012E",,
"RES THRU 015E",263 qty,
"RES THRU 015K",33 qty,
"RES THRU 016E",,
"RES THRU 018E",,
"RES THRU 018K",200 qty,
"RES THRU 020K",42 qty,
"RES THRU 022K",,
"RES THRU 02.2K (2W)",51 qty,
"RES THRU 025K",42 qty,
"RES THRU 027E",,
"RES THRU 027K",,
"RES THRU 027K 2W",3 qty,
"RES THRU 033E",145 qty,
"RES THRU 033K",118 qty,
"RES THRU 039E 0.25W",21 qty,
"RES THRU 039K",143 qty,
"RES THRU 047E",,
"RES THRU 047K",907 qty,
"RES THRU 050E",84 qty,
"RES THRU 050K",83 qty,
"RES THRU 056E",,
"RES THRU 056K",150 qty,
"RES THRU 068E",,
"RES THRU 068K",,
"RES THRU 075E",,
"RES THRU 082E",33 qty,
"RES THRU 082K",51 qty,
"RES THRU 100E",29 qty,
"RES THRU 100E (0.5W)",,
"RES THRU 100G 1%",1 qty,
"RES THRU 100K",100 qty,
"RES THRU 100K (0.5W)",283 qty,
"RES THRU 100M",,
"RES THRU 115E  1%",114 qty,
"RES THRU 120E",,
"RES THRU 120E  1%",82 qty,
"RES THRU 120K",50 qty,
"RES THRU 12KE",,
"RES THRU 140K",,
"RES THRU 147E",,
"RES THRU 147K",,
"RES THRU 150E",203 qty,
"RES THRU 150K",180 qty,
"RES THRU 15E (0.5W)",,
"RES THRU 15K  (5W)@",4 qty,
"RES THRU 180E",,
"RES THRU 180K",,
"RES THRU 18E (0.5W)",,
"RES THRU 1E (10W)",9 qty,
"RES THRU 1E (25W)",,
"RES THRU 1T 10%",,
"RES THRU 200K",,
"RES THRU 220E",644 qty,
"RES THRU 220E (0.5W)",,
"RES THRU 220K",,
"RES Thru 22E Q",3 qty,
"RES THRU 240E",125 qty,
"RES THRU 270K",,
"RES THRU 2E (20W)",25 qty,
"RES THRU 330E",24 qty,
"RES THRU 330K",,
"RES THRU 360E 0.25W",22 qty,
"RES THRU 360K",,
"RES THRU 380E",,
"RES THRU 390E",309 qty,
"RES THRU 390K",,
"RES THRU 442E",,
"RES THRU 470E",339 qty,
"RES THRU 470K",98 qty,
"RES THRU 47E (0.5W)",79 qty,
"RES THRU 4.7ME",120 qty,
"RES THRU 500E",37 qty,
"RES THRU 560E",,
"RES THRU 560K",,
"RES THRU 5E (25W)",,
"RES THRU 620E",,
"RES THRU 620K",,
"RES THRU 6.2K",,
"RES THRU 670E",,
"RES THRU 680E",263 qty,
"RES THRU 680K",,
"RES THRU 750E",,
"RES THRU 820E",100 qty,
"RES WALL RH01010K00FE02",1 qty,
"Res WW 05E 10W",11 qty,
"Res WW 10E 5W",8 qty,
"RES WW 10K 5 W",8 qty,
"Res WW 15E 20W",10 qty,
"Res WW 25E 10W",10 qty,
"Res WW 33E 10W",11 qty,
"Res WW 60E 5W",10 qty,
"RIVET ALUMINIUM  Dia=3.2   (F28)",,
"RIVET NUT M2.5",,
"RIVET NUT M2.5x6",,
"RIVET NUT M3",,
"RIVET NUT M3X10",,
"RIVET NUT M3X8",,
"RIVET NUT M4",,
"ROD Al 19mm",,
"Rod Aluminium D=10mm",,
"ROD BRASS 10mm",,
"ROD BRASS 25mm",,
"ROD BRASS HEX FTF 13mm",,
"ROD BRASS HEX FTF 16mm",,
"ROD BRASS HEX FTF 19mm",,
"ROD COPPER 12.5mm (VT-STM)",,
"ROD SS303 8mm",,
"ROD SS HEX    304-FTF- 6.35mm   (Q2/WS)",,
"ROD SS M8 Thread",,
"ROD TEFLON 06mm",,
"ROD TEFLON 16mm",,
"ROD TEFLON 20mm",,
"Rod Titanium D=10mm",6.00 ft,
"ROT ENC PEC16-4215F-N0024",5 qty,
"R&R Card QASC-T2-VMEAS-R1",,
"RS232 2CHN ISOLATION CARD",,
"Rubber Sheet 10mm",2 qty,
"Rubber Sheet 8mm",2 qty,
"Rubber Strip  4 mm  (Air Shield)",13 meter 50.00 cm,
"SAMPLE GOLD 99.99%",,
"Sample HOPG 468HP",,
"SAMPLE TaS2 Flakes",,
"Scale",,
"SCANNER PIEZO (OD-6.6,ID-5.3,L-25.4mm)  (I90/MS)",,
"SCH Brass Ring",43 qty,
"SCH Card TCA-1",,
"SCH Card TCA-2",,
"SCH Conn Tip-Holder",46 qty,
"SCH Fastners & Connectors",,
"SCH LED Switch Cable (Internal)",,
"SCH LID COLLAR",,
"SCH Lid Logo",,
"SCH Lid Pin",,
"SCH Macor Spacer",2 qty,
"SCH Polished Alumina Strip",135 qty,
"SCH Sample Holder",29 qty,
"SCH Shroud Al",1 qty,
"SCH Shroud Al Cast",,
"SCH Shroud Nano Vert Al Cast",,
"SCH Spring Leaf",360 qty,
"SCH TCA Card",,
"SCH Teflon Neck Spacer",231 qty,
"SCH Titanium Tip Collar",80 qty,
"SCH TOP PLATE",,
"SCH V-Cavity",8 qty,
"SCH Viewing Lens",11 qty,
"SCH Washer Teflon",213 qty,
"SCREW M2.5x05 CSK",,
"SCREW M2.5x05 DTYPE",,
"SCREW M2.5x06 WH",,
"SCREW M2.5x08 CH",,
"SCREW M2.5x08 CSK",,
"SCREW M2.5x08 WH",,
"SCREW M2.5x10 CH",,
"SCREW M2.5x10 CSK",,
"SCREW M2.5X10 DTYPE",,
"SCREW M2.5x20 CH/H",,
"Screw M2.5X20 P/H",500 qty,
"SCREW  M2.5x25  PH",,
"SCREW M2.5X6 PH",,
"SCREW M2.5X8 PH",,
"Screw M2.6x6 CSK",,
"SCREW M2X10 CSK",,
"Screw M2x10 PH",,
"SCREW M2X5 CH",,
"SCREW M2X6 CH",,
"Screw M2x8 CH/H",,
"SCREW M3x06 CSK",,
"SCREW M3x06 PH",,
"SCREW M3x06 WH",,
"SCREW M3x08 CSK",,
"SCREW M3x08 WH",,
"SCREW M3x10 CSK",,
"SCREW M3x10 DTYPE",,
"SCREW M3x10 WH",,
"SCREW M3x12 CSK",,
"SCREW M3x12 WH",,
"SCREW M3X15 WH",,
"SCREW M3x20 WH",,
"SCREW M3x25 CSK",,
"SCREW M4x05 GRUB",,
"SCREW M4x06 WH",,
"SCREW M4x08 CSK",,
"SCREW M4x08 WH",,
"SCREW M4x10 CSK",,
"SCREW M4x10 WH",,
"SCREW M4x12 CSK",,
"SCREW  M4x12 PH",,
"SCREW M4x15 WH",,
"SCREW  M4x16 ALLEN",30 Pc,
"SCREW  M4x16 W/H",,
"SCREW M4x20 CSK",,
"SCREW M4x20 WH",,
"SCREW M4x25 ALLEN",50 Pc,
"SCREW  M4x25 PH",,
"SCREW M4X35 ALLEN",,
"SCREW M6x06 GRUB",,
"SCREW M6x25 ALLEN",,
"SCREW M6x25 GRUB",,
"Screws for CTM",,
"SENSOR OPB901L55",3 qty,
"SENSOR OPB961T51",1 qty,
"SENSOR PT100 ClassB RTD",6 qty,
"Sensor Pt-100 Round Ceramic",16 qty,
"Sensor PT100 Sheath 6mm-24"",1 qty,
"Sensor PT100 Sheath 6mm-8"",2 qty,
"SERIAL CABLE",,
"Sheet Acrylic 12mm",,
"Sheet Al 12.5mm",,
"SHEET ALM 8.0mm",,
"Sheet Aluminium T=02mm",21 Kg 900.00 gm,
"Sheet Aluminium T=03mm",16 Kg,
"Sheet Aluminium T=06mm",,
"Sheet Copper 3mm",,
"SHEET Copper Berylium",,
"SHEET  HT- 6.0mm   (Q2/WS)",,
"SHEET MS 3.0mm",,
"SHEET MS TH=15mm",,
"SHEET SS304 1.0mm",,
"SHEET SS304 2.0mm",,
"SHEET SS304 3.0mm",,
"SHEET SS304 5.0mm",,
"SHPB Analyzer",,
"Shroud Cardboard Box (7''x7''x4.5'') 5-Ply",1 qty,
"SIGNAL CONDITIONER + TERMINAL - CARD",,
"SiM 2.0",,
"SiM-Data Acquisition and Analysis Software",4 qty,
"Single Stage Vacuum Pump",1 qty,
"SKIT Acrylic Box",11 qty,
"SKIT Foam Black Th=12.5mm",,
"SKIT Magnet 20x10x2mm",,
"Sleeve For BNC Connector",,
"Sleeve Shrink 1.5mm",,
"Sleeve Shrink 2.5mm",3 meter 20.00 cm,
"Sleeve Shrink 3.5mm",3 meter 50.00 cm,
"Sleeve Shrink 4.5mm",15 meter,
"Sleeve Shrinking 01mm",,
"Sleeve Shrinking 02mm",,
"Sleeve Shrinking 03mm",,
"Sleeve Shrinking 04mm",23 meter,
"Sleeve Shrinking 05mm",12 meter 40.00 cm,
"Sleeve Shrinking 06mm",15 meter 50.00 cm,
"Sleeve Shrinking 07mm",16 meter,
"Sleeve Shrinking 10mm",13 meter 40.00 cm,
"Sleeve Shrinking 20mm",21 meter 50.00 cm,
"Sleeve Shrinking 35mm",36 meter,
"SMPS 12 V 10 A",1 qty,
"SMPS (Cooler Master 600VA)",,
"SOCKET ADAPTOR (M)",4 qty,
"SOCKET BANANA 2mm BLACK (PAIR)",,
"SOCKET BANANA 2mm RED (PAIR)",,
"SOCKET BANANA 2mm YELLOW (PAIR)",,
"SOCKET BATTERY LITHUM",12 qty,
"SOCKET CIRCULAR 8 PIN",66 qty,
"SOCKET GOLD PLATED 1PIN (For STM)",,
"Socket IC Strip 40Pin Straight",,
"SOCKET NARROW 20 PIN@",2 qty,
"SOCKET PLCC 28 PIN",7 qty,
"SOCKET PLCC 32 PIN",,
"SOCKET PLCC 44 PIN",29 qty,
"SOCKET POWER 3PIN F PM ST EMO-21",,
"SOCKET POWER 3PIN M",3 qty,
"Socket Power 3PIN M PM ST EMI-24",,
"SOCKET POWER 3 PIN  M  WII/F",,
"SOCKET POWER EP372-3F1 ELCOM 3PIN",48 qty,
"SOCKET-ROUND-12-PIN
",20 qty,
"SOCKET ROUND 14 PIN",2 qty,
"SOCKET ROUND 16 PIN",30 qty,
"SOCKET ROUND 18 PIN@",12 qty,
"SOCKET ROUND 20 PIN",2 qty,
"SOCKET ROUND 24 PIN",8 qty,
"SOCKET ROUND 28 PIN",,
"SOCKET ROUND 6 PIN",33 qty,
"SOCKET ROUND 8 PIN",91 qty,
"SOCKET ROUND/WIDE 28 PIN@",17 qty,
"Socket Shaffner 03Pin W.RF Filter",3 qty,
"SOCKET STEREO 6.3mm PAIR",6 qty,
"SOCKET WIDE 24 PIN@",25 qty,
"SOCKET WIDE 40 PIN",,
"SOCKET WIDE 48 PIN",,
"SOCKET ZIF 40 PIN",,
"SOCKET ZIF GOLD 40 PIN",1 qty,
"Software for Data Acquisition & Display (QDA1008)",,
"Software for NanoREV STM",,
"Soldering Tip Round Plated RX-701AS/RX-711AS",,
"Soldering Tip RX-701AS/RX-711AS/PX-501/PX-501AS/CXR",,
"Solder Wire Indium",1 qty,
"Sorption Pump",,
"Source & Measurement Unit",,
"SPACER ALUMINA (HDA-20015)   (L55/ES)",,
"SPACER PLASTIC  FOR REGULATOR   (G22)",,
"SPONGE  (20x20x15mm)   (VIB-20016)",,
"SPOP24-EXP",,
"SPRING CONTACT 0906-0-15-20-76-14-11-0",25 qty,
"Spring Contacts 6mmX2mmX4mm",20 qty,
"Spring Tapered (5turn L-15mm Thick-0.8mm)",116 qty,
"SQADA (QDA1032) Software",,
"S.S PIPE OD=59X49mm",,
"SSPL Repair",,
"S.S. ROD DIA 32mm",,
"S.S ROD DIA 40mm",3 Kg 850.00 gm,
"S.S ROD DIA 45mm",,
"S.S ROD DIA 56mm",4 Kg 950.00 gm,
"S.S ROD DIA 66mm",,
"SS STRIP (P/NO: HDA-20003)   9L51/ES)",,
"STANDARD MAKE COMPUTER:",,
"STD-ME-ASSEM-BOX-EIA-310-D-4U",1 qty,
"STD-RACK-FS18U06-DS-OFB",,
"STD-RACK-MHK10",,
"STD-RACK-TR06",,
"STD-VAC-KF25-BLW-15",,
"STD-VAC-KF25-CLAMP",2 qty,
"STD-VAC-KF25-CRING",2 qty,
"STD-VAC-KF25-ELL",1 qty,
"STD-VAC-KF50-BLANK",2 qty,
"STD-VAC-KF50-CLAMP",,
"STD-VAC-KF50-CRING",,
"Stepper Motor BH57HS41-1006A",,
"STICKER   ACTM",40 qty,
"STICKER   ACTM LOGO",,
"STICKER ACTM NAME",,
"STICKER   DASTA-710",,
"STICKER   DASTA-720",,
"Sticker GC Blower Side",23 qty,
"Sticker GC Electronics Side",23 qty,
"STM Assembly Air Shield",,
"STM Assembly ELB",,
"STM Assembly ELB 7.2",,
"STM Assembly Piezo-Head",,
"STM Assembly Scan-Head",,
"STM Assembly Scan-Head 2.0",,
"STM Assembly Scan-Head XL",1 qty,
"STM Assembly Vib",,
"STM Box Accessories",,
"STM Cable Set",,
"STM Kit Sample",,
"STM Kit Sample Vol-1",1 qty,
"STM Kit Tip",4 qty,
"STM Kit Tool",9 qty,
"STM MODEL NANO REV 3.0",,
"STM Repair: Components Used",,
"STM TFA Assembly",,
"STM Upgrade NanoREV5.6",,
"STM Upgrade Scan-Head",,
"STM USB Module Assembly",,
"Strain Control Attachment (ACTM)",,
"Strain Control Attachment (DPU)",,
"Strain Control Attachment (MCTM)",,
"STRAIN GAUGE FLA-5",-1 qty,
"Strain Measurement Attachment (ACTM)",,
"Strain Measurement Attachment (DPU)",,
"Strain Measurement Attachment (MCTM)",,
"STRAIN MEASUREMENT SYSTEM PART-1",,
"SWITCH 2 POLE M.C. With Knob 8.5mm BLACK",,
"SWITCH DIP 04 WAY",14 qty,
"SWITCH  DIP 16 PIN",,
"SWITCH DIP 20 PIN",,
"Switch Pushbtn 02Pin D=12mm Latching",,
"Switch PushBtn (Red) D=13mm",,
"Switch PushBtn WM 02Pin D=7.2mm",7 qty,
"Switch Rocker On/Off 01Amp",8 qty,
"Switch Rocker On/Off 04Amp",6 qty,
"Switch Rocker On/Off 16Amp DPST",,
"SWITCH ROTARY 12 POL  (for Calib)",1 qty,
"SWITCH Round On/Off 04Amp 12mm",1 qty,
"SWITCH SHROUD LED",,
"SWITCH TACT 4 PIN",152 qty,
"SWITCH TACT SPST RT",15 qty,
"SWITCH TOGGLE CE 101 SPDT",4 qty,
"Syringe 1ml, 101 LTN (P/N 81317)",,
"Syringe Hamilton 10ul (P/N 80000)",,
"TCA MOUNT PLATE  (P/NO:SHR-00005)    (L48/ES)",,
"Tedlar Bag 3 Ltr",,
"Temperature Controller",,
"Temperature Resistor Pt100",,
"TEST POINTS BLACK",35 qty,
"TEST POINTS BLUE",12 qty,
"TEST POINTS GREEN",,
"TEST POINTS RED",,
"TEST POINTS YELLOW",42 qty,
"TFA Electronic Accressories",,
"TFA Main Card",,
"TFA Mechanical Accessories",,
"TFA Mechanical Box",,
"Thermocouple D=6mm L=1200mm",1 qty,
"Thermocouple D=6mm L=203mm",,
"Thermocouple K-Type",,
"THIMBLE PIN TYPE 1.5mm",655 qty,
"THIMBLE PIN TYPE 2.5mm",149 qty,
"THIMBLE RELAY END",44 qty,
"THIMBLE RELAY END RED",,
"THIMBLE RING TYPE 4.7mm",,
"THIMBLE RING TYPE 6mm",32 qty,
"TIE",160 qty,
"TIE BASE   (E59)",,
"TIPK Platinum Iridium Wire",,
"TIPK Syringe Needle",16 qty,
"TIPK Tungsten Wire",,
"TIP RELATED",,
"TKIT Acrylic Box",7 qty,
"TKIT Cutter",,
"TKIT Foam Black Th=2mm",29 qty,
"TKIT Foam Black Th=4mm",27 qty,
"TKIT Foam Black Th=8mm",3 qty,
"TKIT Hinge Chrome-Plated 25x20x1mm",9 qty,
"TKIT MAGNET 10(Dia)X10mm",24 qty,
"TKIT Sample Disc",696 qty,
"TKIT Sample Key",61 qty,
"TKIT Silver Ink",,
"TKIT Tweezers L-Bent",,
"TKIT Tweezers Straight",,
"Transformer 0-7/1Amp, 7-0-7/1Amp (QDA)",,
"Transformer Assembly QDA-L PR52",,
"Transformer BTA75",1 qty,
"Transformer BTR10 (MG-PS)",,
"Transformer BTR66A",,
"TRANSFORMER CTR-41",,
"TRANSFORMER   CTR-46",,
"TRANSFORMER  CTR-49",,
"TRANSFORMER  DEL1099",,
"TRANSFORMER DEL1849",,
"TRANSFORMER DEL-1997",,
"TRANSFORMER DEL-2115 (GC)",,
"TRANSFORMER DEL-2173",,
"Transformer DEL-2805 (MG-PS)",,
"Transformer DEL 2855 (MGPS)",,
"TRANSFORMER  ETR-7A",,
"TRANSFORMER J-216 (DASTA)",,
"TRANSFORMER J-69A",,
"TRANSFORMER PR-43 (TCON)",,
"TRANSFORMER PR-44 (OBS)",,
"TRANSFORMER PR-47 (PS)",,
"TRANSFORMER PR-48 (LIA)",,
"TRANSFORMER PR-49 (NanoPOS)",,
"TRANSFORMER PR-51 (P-QDA)",,
"TRANSFORMER PR-52 (QDAL)",3 qty,
"TRANSFORMER PR-53 (HiRES)",3 qty,
"TRANSFORMER PR-54 (NanoREV7)",,
"Transformer PR-55 (MGPS)",1 qty,
"TRANSFORMER SMD 78253/35JVC",1 qty,
"TRANSFORMER SMD 78253/55JC",1 qty,
"TRANSFORMER SMD WBC1-1L XFMR-WBC",1 qty,
"Transformer SMD WBC16-1T XFMR-WBC",1 qty,
"TRANSFORMER SR114 (STM)",,
"TRANSFORMER SR115 (STM)",,
"Transformer SR-226 (TCON)",,
"Transformer SR-230",,
"TRANSISTOR SMD BSS139",3 qty,
"Transistor Smd BSS84 SOT23",15 qty,
"Transistor Smd MBT3946",6 qty,
"Transistor Thru 2N3904",406 qty,
"Transistor Thru 2N3906",12 qty,
"TRANSISTOR THRU BD17516STU",3 qty,
"Transistor Thru ZVN4424A",1 qty,
"Transistor Thru ZVP4424A",6 qty,
"TR J2N4117@",3 qty,
"TR LM35",10 qty,
"TR LM385",,
"TR LM385 / 1.2V",,
"TR LR8",,
"TR TIP122 POWER",2 qty,
"TR. TIP142 POWER",82 qty,
"Tube Silicone",,
"Tube SS 1/16"",98 meter,
"Tube SS 1/8"",128 meter,
"UNION  1/16"  SS   (G32)",,
"UNION  1/16"  SS  T-Juction   (G34)",,
"Union 1/4" Brass",,
"UNION  1/8"  SS   (G31)",,
"UNION  1/8"  SS  T-Juction   (G33)",,
"UNION GAS INLET 1/8"x1/8" SS",,
"Upgrade of the Scanning Head",,
"UPS Microtek 650 VA",,
"USBHUB 7Port Belkin F4U041SA",1 qty,
"USB Microscope 2MP 1000x",,
"USB Microscope 2MP 800X",,
"User Manual of NanoETCH1.0",,
"User Manual of NanoREV5.0",,
"Vacuum STM Modules",,
"Vacuum Valve (Butterfly)",3 qty,
"Vacuum Valve (Release)",2 qty,
"Valve Solenoid",,
"Variable Temp STM Modules",,
"VARISTOR V5.5MLA0603H 0603",2 qty,
"VBU STM Repair",,
"VIB Acrylic Box Base",1 qty,
"VIB Acrylic Vibrating Platform",1 qty,
"VIB Box F&B Sections",3 qty,
"VIB Cardboard Box (15.5''x13''x12'')11-Ply",3 qty,
"VIB Cardboard Box (19.5''x15''x15'')13-Ply",6 qty,
"VIB Fastners & Connectors",,
"VIB Handles",8 qty,
"VIB in-House(Mani STM)",,
"VIB Locking Nut Brass",124 qty,
"VIB Magnet-1 10(Dia)X3mm",7 qty,
"VIB Magnet-2 10(Dia)X5mm",5 qty,
"VIB MS Lower Plate",1 qty,
"VIB MS Upper Plate",1 qty,
"VIB Pillar SS304 6(D)X73mm",130 qty,
"VIB Rubber Stopper-1 Dia15x10mm",,
"VIB Rubber Stopper-2 Dia15x5mm",,
"VIB Spring Lower",10 qty,
"VIB Spring Upper",4 qty,
"VIB Sticker",77 qty,
"VIB Washer SS304 14.5(D)mm",77 qty,
"VIB ZIF COVER PLATE   (VIB-20011)",,
"VIB ZIF MAIN CARD",,
"Viton O-Ring 10x7",50 qty,
"Viton O-Ring 21x18",50 qty,
"Viton O-Ring 31x25",10 qty,
"Viton O-Ring 7x4",50 qty,
"VITON RUBBER",,
"VSM ZSTG (Elec)",1 qty,
"VSTM Chamber",1 qty,
"VSTM Cryo System",1 qty,
"VSTM Rotary Pump 200lt/min",,
"VTemp STM Cable Set",2 qty,
"VTemp STM Cold Finger",1 qty,
"WALKER PEIZO (OD-12.7,ID-10.7,L-25.4mm)   (I91/MS)",,
"WASHER",,
"WASHER  M2.5  SS  (G16)",,
"WASHER  M3   FIBER   (G7)",,
"WASHER  M3  SS   (G17)",,
"WASHER  M4  SS   (G18)",,
"WASHER  M4  SS  OD=20   (G19)",,
"WASHER MICA  M/R   (G10)",,
"WASHER MICA  P/R   (G11)",,
"WASHER RUBBER",,
"WASHER SPRING  M3  SS   (G13)",,
"WASHER SPRING  M4  SS   (G14)",,
"WINQCDS",,
"WinQCDS : GC7720 Controlling Software",,
"Wire Black",12 meter 66.50 cm,
"Wire Copper Gauge=35, AWG Dia=0.14mm",,
"Wire Cu Lmd AWG 29 Dia=0.28mm",,
"Wire Green",10 meter 4.20 cm,
"Wire Kanthal SWG 19",730.00 gm,
"Wire Red",13 meter 93.00 cm,
"WIRE TEFLON 1 CORE YELLOW(7/40)",91 meter,
"Wire Thermocouple Fused",-1 meter,
"Wire Yellow",105 meter,
"Wiznet Ethernet Ics",,
"X-ELB Assembly BNC's",,
"X-ELB Assembly Heat-Sink",,
"X-ELB Assembly LCD/Fan/Push Button",,
"X-ELB Assembly Piezos",,
"X-ELB Assembly Pot",,
"X-ELB Assembly TC Input",,
"X-ELB Assembly TC Monitor",,
"X-ELB Assembly Transformer",,
"X-ELB Assembly Walker",,
"XHiRes Calibrator",1 qty,
"XHiRes Feedthrough Test Cables 1.0",2 qty,
"XLIA-1",,
"Xplore ACMS (Mech)",,
"Xplore Cryostat Framework",,
"Xplore CryoSystem-SS",,
"Xplore CryoSystem-SS (Mech)",,
"Xplore DCEC (Mech)",,
"Xplore Electrical DC Conductivity Module",,
"Xplore Electrical DC High Resistivity Module",,
"Xplore HiCON",,
"Xplore HiRes External Cables 1.0",,
"Xplore Hi-Res-R2",,
"Xplore Hi-RES-R3",,
"Xplore Hi-RES-R4",4 qty,
"Xplore Level Sensor",1 qty,
"Xplore Lock-in",1 qty,
"Xplore Lock-IN Upgrade",,
"Xplore Magnetic AC Susceptibility Module",,
"Xplore Mechanical Module",,
"Xplore-MG-PS-R1",,
"Xplore MG-PS-R2",,
"Xplore MG-PS-R3",,
"Xplore MRHC (Mech)",,
"Xplore MRHC Module",,
"Xplore Power Supply",,
"Xplore PQMS Standard Accessories",2 qty,
"Xplore Qrius2.0 Software",1 qty,
"Xplore Sample Kit",1 qty,
"Xplore Sample Positioning System",1 qty,
"Xplore SMU Upgrade",,
"Xplore XPOS (Elec)",2 qty,
"Xplore XPOS (Mech)",,
"Xplore XSMU",1 qty,
"Xplore XTCON",3 qty,
"X-SOCKET POWER EP372-3F1M ELCOM 3PIN",,
"X-TIP KIT VOL-1",,
"ZENER THRU 009.1V",155 qty,
"ZENER THRU 010V",94 qty,
"ZENER THRU 015V",,
"ZENER THRU 120 V",10 qty,
